vehicle_count,avg_speed,vehicles_in,vehicles_out,density,0.0,0,0,MEDIUM
7,0.0,0,0,MEDIUM
7,3.86,0,0,MEDIUM
7,1.0,0,0,MEDIUM
7,3.5,0,0,MEDIUM
7,3.5,0,0,MEDIUM
7,4.62,0,0,MEDIUM
7,4.5,0,0,MEDIUM
7,1.75,0,0,MEDIUM
7,3.5,0,0,MEDIUM
8,3.78,0,0,MEDIUM
8,3.33,0,0,MEDIUM
8,1.78,0,0,MEDIUM
8,3.22,0,0,MEDIUM
8,1.67,0,0,MEDIUM
8,3.11,0,0,MEDIUM
8,1.44,0,0,MEDIUM
8,4.44,0,0,MEDIUM
7,1.56,0,0,MEDIUM
8,4.44,0,0,MEDIUM
7,2.22,0,0,MEDIUM
5,3.22,0,0,LOW
5,1.89,0,0,LOW
6,4.56,1,0,MEDIUM
7,1.7,1,0,MEDIUM
6,3.4,1,0,MEDIUM
6,1.6,1,0,MEDIUM
6,3.4,1,0,MEDIUM
6,1.6,1,0,MEDIUM
6,4.1,1,0,MEDIUM
6,1.8,1,0,MEDIUM
6,3.0,1,0,MEDIUM
7,1.27,1,0,MEDIUM
6,3.09,1,0,MEDIUM
7,1.45,1,0,MEDIUM
6,3.64,1,0,MEDIUM
6,2.09,1,0,MEDIUM
5,2.45,1,0,LOW
6,1.75,1,0,MEDIUM
6,2.08,1,0,MEDIUM
6,1.42,1,0,MEDIUM
5,2.25,1,0,LOW
5,1.25,1,0,LOW
5,2.08,1,0,LOW
6,1.58,1,0,MEDIUM
5,2.25,1,0,LOW
5,1.58,1,0,LOW
6,2.75,1,0,MEDIUM
7,1.46,1,0,MEDIUM
7,2.08,1,0,MEDIUM
7,1.46,1,0,MEDIUM
7,2.23,1,0,MEDIUM
7,1.31,1,0,MEDIUM
6,2.54,1,0,MEDIUM
7,1.46,1,0,MEDIUM
7,2.31,1,0,MEDIUM
7,3.08,1,0,MEDIUM
7,2.54,1,0,MEDIUM
7,3.46,1,0,MEDIUM
7,1.92,1,0,MEDIUM
7,2.69,1,0,MEDIUM
5,3.23,1,0,LOW
5,3.77,1,0,LOW
7,3.77,1,0,MEDIUM
6,3.77,1,0,MEDIUM
8,3.07,1,0,MEDIUM
7,3.64,1,0,MEDIUM
7,3.86,1,0,MEDIUM
6,3.36,1,0,MEDIUM
8,3.79,1,0,MEDIUM
8,3.64,1,0,MEDIUM
8,4.07,1,0,MEDIUM
8,4.5,2,0,MEDIUM
8,3.79,2,0,MEDIUM
8,3.64,2,0,MEDIUM
8,3.07,2,0,MEDIUM
8,4.14,2,0,MEDIUM
8,4.21,2,0,MEDIUM
9,3.53,2,0,MEDIUM
9,3.27,2,0,MEDIUM
8,3.4,2,0,MEDIUM
8,3.53,2,0,MEDIUM
8,3.8,2,0,MEDIUM
8,3.87,2,0,MEDIUM
8,4.07,2,0,MEDIUM
8,3.8,2,0,MEDIUM
8,4.8,2,0,MEDIUM
8,4.4,2,0,MEDIUM
7,5.07,2,0,MEDIUM
7,4.93,2,0,MEDIUM
7,2.6,2,0,MEDIUM
7,4.4,2,0,MEDIUM
8,4.4,2,0,MEDIUM
7,5.53,2,0,MEDIUM
6,4.93,2,0,MEDIUM
6,5.27,2,0,MEDIUM
6,5.8,2,0,MEDIUM
5,5.0,3,0,LOW
5,4.8,3,0,LOW
5,4.93,3,0,LOW
5,5.53,3,0,LOW
6,6.33,3,0,MEDIUM
6,5.73,3,0,MEDIUM
6,5.87,3,0,MEDIUM
6,4.69,3,0,MEDIUM
5,4.81,3,0,LOW
6,4.82,3,0,MEDIUM
7,5.82,3,0,MEDIUM
6,5.53,3,0,MEDIUM
6,5.65,3,0,MEDIUM
7,5.53,3,0,MEDIUM
6,5.41,3,0,MEDIUM
6,4.88,4,0,MEDIUM
6,4.59,4,0,MEDIUM
6,4.53,5,0,MEDIUM
7,4.44,5,0,MEDIUM
8,4.63,5,0,MEDIUM
7,4.42,5,0,MEDIUM
9,3.95,5,0,MEDIUM
8,4.63,5,0,MEDIUM
8,4.58,5,0,MEDIUM
6,4.47,5,0,MEDIUM
6,5.53,5,0,MEDIUM
6,5.16,5,0,MEDIUM
6,5.89,5,0,MEDIUM
6,5.11,5,0,MEDIUM
6,4.63,5,0,MEDIUM
6,5.26,5,0,MEDIUM
7,5.05,5,0,MEDIUM
6,4.95,5,0,MEDIUM
6,5.32,5,0,MEDIUM
6,5.37,5,0,MEDIUM
7,4.75,5,0,MEDIUM
7,5.05,5,0,MEDIUM
9,4.71,5,0,MEDIUM
9,4.86,5,0,MEDIUM
8,4.52,5,0,MEDIUM
8,5.14,5,0,MEDIUM
8,4.81,5,0,MEDIUM
8,5.0,5,0,MEDIUM
8,5.33,5,0,MEDIUM
8,5.1,5,0,MEDIUM
8,5.33,5,0,MEDIUM
9,5.29,5,0,MEDIUM
8,5.05,5,0,MEDIUM
8,5.57,5,0,MEDIUM
8,5.38,5,0,MEDIUM
8,5.19,5,0,MEDIUM
7,5.76,5,0,MEDIUM
7,6.14,5,0,MEDIUM
6,6.05,5,0,MEDIUM
7,5.76,5,0,MEDIUM
8,6.29,5,0,MEDIUM
8,6.62,5,0,MEDIUM
8,6.14,5,0,MEDIUM
8,6.05,5,0,MEDIUM
9,6.52,5,0,MEDIUM
9,6.57,5,0,MEDIUM
9,6.62,5,0,MEDIUM
8,6.95,6,0,MEDIUM
8,8.0,6,0,MEDIUM
8,6.52,6,0,MEDIUM
8,6.52,6,0,MEDIUM
8,5.71,7,0,MEDIUM
8,6.52,8,0,MEDIUM
8,5.86,8,0,MEDIUM
7,5.71,8,0,MEDIUM
7,5.9,8,0,MEDIUM
8,5.95,8,0,MEDIUM
7,5.86,8,0,MEDIUM
9,5.82,8,0,MEDIUM
8,6.0,8,0,MEDIUM
8,6.23,8,0,MEDIUM
7,6.09,8,0,MEDIUM
7,5.82,8,0,MEDIUM
6,5.86,8,0,MEDIUM
6,6.55,8,0,MEDIUM
5,6.36,8,0,LOW
5,6.45,8,0,LOW
6,5.91,8,0,MEDIUM
6,6.18,8,0,MEDIUM
5,6.55,8,0,LOW
5,6.27,8,0,LOW
5,6.55,8,0,LOW
5,6.68,8,0,LOW
5,6.77,8,0,LOW
5,6.91,8,0,LOW
5,6.86,9,0,LOW
5,6.14,9,0,LOW
5,6.41,9,0,LOW
5,6.18,9,0,LOW
5,6.77,9,0,LOW
5,7.0,9,0,LOW
5,6.64,9,0,LOW
5,6.32,9,0,LOW
5,6.68,9,0,LOW
4,6.77,9,0,LOW
4,7.05,9,0,LOW
4,6.77,9,0,LOW
4,6.91,9,0,LOW
4,7.41,9,0,LOW
4,6.82,9,0,LOW
5,6.39,10,0,LOW
5,6.65,10,0,LOW
5,6.48,10,0,LOW
5,6.43,10,0,LOW
5,6.57,10,0,LOW
5,6.65,10,0,LOW
6,6.78,10,0,MEDIUM
6,7.17,10,0,MEDIUM
6,7.04,10,0,MEDIUM
5,6.78,10,0,LOW
5,6.39,11,0,LOW
5,6.61,11,0,LOW
4,6.65,11,0,LOW
5,6.7,11,0,LOW
5,6.74,11,0,LOW
4,6.7,11,0,LOW
4,6.61,11,0,LOW
4,6.61,11,0,LOW
4,6.7,11,0,LOW
4,6.78,11,0,LOW
3,6.65,11,0,LOW
3,6.87,11,0,LOW
3,6.91,11,0,LOW
3,7.0,11,0,LOW
3,6.91,11,0,LOW
3,6.91,11,0,LOW
3,7.17,11,0,LOW
3,7.13,11,0,LOW
3,7.13,11,0,LOW
3,7.13,11,0,LOW
3,7.35,11,0,LOW
3,7.3,11,0,LOW
3,7.09,11,0,LOW
3,6.87,12,0,LOW
3,6.83,12,0,LOW
3,7.04,12,0,LOW
3,7.09,12,0,LOW
3,7.0,12,0,LOW
3,7.13,12,0,LOW
3,7.09,12,0,LOW
3,7.26,12,0,LOW
3,6.91,12,0,LOW
2,7.0,12,0,LOW
2,7.0,12,0,LOW
2,7.0,12,0,LOW
2,6.91,12,0,LOW
3,7.17,12,0,LOW
3,7.17,12,0,LOW
2,7.17,12,0,LOW
2,7.09,12,0,LOW
3,7.04,12,0,LOW
4,6.84,12,0,LOW
4,6.8,12,0,LOW
4,6.84,12,0,LOW
4,6.92,12,0,LOW
4,6.72,12,0,LOW
4,7.0,12,0,LOW
4,7.08,12,0,LOW
4,6.84,12,0,LOW
4,7.16,12,0,LOW
4,7.4,12,0,LOW
4,7.24,12,0,LOW
4,7.12,13,0,LOW
4,6.88,13,0,LOW
4,6.76,13,0,LOW
4,7.0,13,0,LOW
4,6.92,13,0,LOW
4,7.0,13,0,LOW
4,7.2,13,0,LOW
4,6.96,13,0,LOW
4,7.12,13,0,LOW
4,7.08,13,0,LOW
4,7.32,13,0,LOW
3,7.12,13,0,LOW
3,7.28,13,0,LOW
3,7.24,13,0,LOW
3,7.44,13,0,LOW
3,7.32,13,0,LOW
3,7.56,13,0,LOW
3,7.64,13,0,LOW
3,7.32,14,0,LOW
3,7.08,14,0,LOW
3,7.0,14,0,LOW
3,7.16,14,0,LOW
3,7.04,14,0,LOW
3,7.2,14,0,LOW
3,7.32,14,0,LOW
3,7.16,14,0,LOW
2,7.32,14,0,LOW
1,7.24,14,0,LOW
1,7.24,14,0,LOW
2,7.24,14,0,LOW
2,7.16,14,0,LOW
3,6.88,14,0,LOW
3,6.96,14,0,LOW
3,7.08,14,0,LOW
3,6.96,14,0,LOW
3,7.12,14,0,LOW
3,6.96,14,0,LOW
2,6.88,14,0,LOW
3,7.12,14,0,LOW
3,7.27,14,0,LOW
3,7.04,14,0,LOW
3,7.04,14,0,LOW
3,6.88,14,0,LOW
2,6.96,14,0,LOW
2,6.88,14,0,LOW
2,7.04,14,0,LOW
2,7.04,14,0,LOW
2,6.88,14,0,LOW
2,6.96,14,0,LOW
2,7.04,14,0,LOW
3,7.12,14,0,LOW
3,7.12,14,0,LOW
3,7.04,14,0,LOW
3,6.96,14,0,LOW
3,7.12,14,0,LOW
3,7.15,14,0,LOW
3,7.04,14,0,LOW
3,7.08,14,0,LOW
3,7.12,14,0,LOW
3,7.08,14,0,LOW
3,7.0,14,0,LOW
3,6.96,14,0,LOW
3,7.23,14,0,LOW
3,7.19,14,0,LOW
3,7.04,14,0,LOW
3,7.19,14,0,LOW
5,6.64,14,0,LOW
4,6.71,14,0,LOW
4,7.04,14,0,LOW
3,6.86,14,0,LOW
3,6.82,14,0,LOW
3,6.89,14,0,LOW
3,7.11,14,0,LOW
3,6.86,14,0,LOW
3,6.82,14,0,LOW
4,6.66,14,0,LOW
4,6.76,14,0,LOW
4,6.93,14,0,LOW
4,6.79,14,0,LOW
4,6.59,14,0,LOW
4,7.07,14,0,LOW
4,6.97,14,0,LOW
4,7.1,14,0,LOW
4,6.72,14,0,LOW
3,7.07,14,0,LOW
4,6.9,14,0,LOW
3,8.03,14,0,LOW
3,6.62,14,0,LOW
4,6.93,14,0,LOW
4,6.9,14,0,LOW
4,7.07,14,0,LOW
4,7.14,14,0,LOW
4,7.21,14,0,LOW
4,7.07,14,0,LOW
3,7.14,14,0,LOW
4,7.66,14,0,LOW
3,7.0,14,0,LOW
4,6.79,15,0,LOW
2,6.66,15,0,LOW
3,6.63,15,0,LOW
3,6.57,15,0,LOW
3,7.77,15,0,LOW
3,6.93,15,0,LOW
4,6.48,15,0,LOW
4,6.74,15,0,LOW
3,6.61,15,0,LOW
3,6.55,15,0,LOW
3,6.68,15,0,LOW
4,6.68,15,0,LOW
4,6.68,15,0,LOW
4,6.84,15,0,LOW
4,6.81,15,0,LOW
4,6.94,15,0,LOW
4,6.94,15,0,LOW
4,6.9,15,0,LOW
4,6.71,15,0,LOW
4,6.74,15,0,LOW
3,6.68,15,0,LOW
3,6.61,15,0,LOW
5,7.22,15,0,LOW
4,7.34,15,0,LOW
5,6.75,15,0,LOW
5,6.66,15,0,LOW
5,6.62,15,0,LOW
5,6.69,15,0,LOW
5,6.53,15,0,LOW
5,6.81,15,0,LOW
5,7.56,15,0,LOW
6,6.55,15,0,MEDIUM
6,6.85,15,0,MEDIUM
5,7.09,15,0,LOW
5,6.94,15,0,LOW
5,7.03,15,0,LOW
5,7.09,15,0,LOW
5,7.12,15,0,LOW
5,7.15,15,0,LOW
5,7.18,15,0,LOW
5,7.12,15,0,LOW
5,7.21,15,0,LOW
5,7.21,15,0,LOW
5,7.24,15,0,LOW
5,7.21,15,0,LOW
5,7.27,15,0,LOW
5,7.3,15,0,LOW
5,7.45,15,0,LOW
5,7.39,15,0,LOW
5,7.52,15,0,LOW
4,7.48,15,0,LOW
4,7.73,15,0,LOW
4,7.67,15,0,LOW
4,7.67,15,0,LOW
4,7.85,15,0,LOW
3,7.91,15,0,LOW
4,8.12,16,0,LOW
4,7.76,16,0,LOW
4,7.58,16,0,LOW
4,7.61,16,0,LOW
4,7.42,16,0,LOW
5,7.03,16,0,LOW
4,7.06,16,0,LOW
4,7.12,16,0,LOW
5,6.86,16,0,LOW
5,6.91,16,0,LOW
5,7.2,16,0,LOW
4,7.17,16,0,LOW
5,7.14,16,0,LOW
5,7.11,17,0,LOW
5,7.14,17,0,LOW
5,7.17,17,0,LOW
5,7.2,17,0,LOW
5,7.2,17,0,LOW
4,7.09,17,0,LOW
4,7.2,17,0,LOW
4,7.09,17,0,LOW
3,7.11,17,0,LOW
5,7.06,17,0,LOW
4,6.86,17,0,LOW
4,6.83,17,0,LOW
3,7.06,17,0,LOW
4,7.06,17,0,LOW
4,7.06,17,0,LOW
4,6.94,17,0,LOW
4,7.0,17,0,LOW
4,7.14,17,0,LOW
4,7.14,17,0,LOW
5,6.89,17,0,LOW
4,6.89,17,0,LOW
4,7.14,17,0,LOW
4,7.08,17,0,LOW
4,7.03,17,0,LOW
4,7.3,17,0,LOW
4,7.03,17,0,LOW
4,7.11,17,0,LOW
5,7.05,17,0,LOW
5,7.13,17,0,LOW
5,7.21,17,0,LOW
6,7.05,17,0,MEDIUM
5,7.29,17,0,LOW
5,7.21,17,0,LOW
5,7.37,17,0,LOW
5,7.47,17,0,LOW
5,7.24,18,0,LOW
5,7.0,18,0,LOW
5,7.16,18,0,LOW
5,7.08,18,0,LOW
6,7.39,18,0,MEDIUM
5,7.32,18,0,LOW
5,7.37,18,0,LOW
4,7.34,18,0,LOW
5,7.53,18,0,LOW
5,7.32,18,0,LOW
5,7.08,18,0,LOW
5,7.26,18,0,LOW
6,7.13,18,0,MEDIUM
7,0.0,0,0,MEDIUM
7,0.0,0,0,MEDIUM
7,3.86,0,0,MEDIUM
7,1.0,0,0,MEDIUM
7,3.5,0,0,MEDIUM
7,3.5,0,0,MEDIUM
7,4.62,0,0,MEDIUM
7,4.5,0,0,MEDIUM
7,1.75,0,0,MEDIUM
7,3.5,0,0,MEDIUM
8,3.78,0,0,MEDIUM
8,3.33,0,0,MEDIUM
8,1.78,0,0,MEDIUM
8,3.22,0,0,MEDIUM
8,1.67,0,0,MEDIUM
8,3.11,0,0,MEDIUM
8,1.44,0,0,MEDIUM
8,4.44,0,0,MEDIUM
7,1.56,0,0,MEDIUM
8,4.44,0,0,MEDIUM
7,2.22,0,0,MEDIUM
5,3.22,0,0,LOW
5,1.89,0,0,LOW
6,4.56,1,0,MEDIUM
7,1.7,1,0,MEDIUM
6,3.4,1,0,MEDIUM
6,1.6,1,0,MEDIUM
6,3.4,1,0,MEDIUM
6,1.6,1,0,MEDIUM
6,4.1,1,0,MEDIUM
6,1.8,1,0,MEDIUM
6,3.0,1,0,MEDIUM
7,1.27,1,0,MEDIUM
6,3.09,1,0,MEDIUM
7,1.45,1,0,MEDIUM
6,3.64,1,0,MEDIUM
6,2.09,1,0,MEDIUM
5,2.45,1,0,LOW
6,1.75,1,0,MEDIUM
6,2.08,1,0,MEDIUM
6,1.42,1,0,MEDIUM
5,2.25,1,0,LOW
5,1.25,1,0,LOW
5,2.08,1,0,LOW
6,1.58,1,0,MEDIUM
5,2.25,1,0,LOW
5,1.58,1,0,LOW
6,2.75,1,0,MEDIUM
7,1.46,1,0,MEDIUM
7,2.08,1,0,MEDIUM
7,1.46,1,0,MEDIUM
7,2.23,1,0,MEDIUM
7,1.31,1,0,MEDIUM
6,2.54,1,0,MEDIUM
7,1.46,1,0,MEDIUM
7,2.31,1,0,MEDIUM
7,3.08,1,0,MEDIUM
7,2.54,1,0,MEDIUM
7,3.46,1,0,MEDIUM
7,1.92,1,0,MEDIUM
7,2.69,1,0,MEDIUM
5,3.23,1,0,LOW
5,3.77,1,0,LOW
7,3.77,1,0,MEDIUM
6,3.77,1,0,MEDIUM
8,3.07,1,0,MEDIUM
7,3.64,1,0,MEDIUM
7,3.86,1,0,MEDIUM
6,3.36,1,0,MEDIUM
8,3.79,1,0,MEDIUM
8,3.64,1,0,MEDIUM
8,4.07,1,0,MEDIUM
8,4.5,2,0,MEDIUM
8,3.79,2,0,MEDIUM
8,3.64,2,0,MEDIUM
8,3.07,2,0,MEDIUM
8,4.14,2,0,MEDIUM
8,4.21,2,0,MEDIUM
9,3.53,2,0,MEDIUM
9,3.27,2,0,MEDIUM
8,3.4,2,0,MEDIUM
8,3.53,2,0,MEDIUM
8,3.8,2,0,MEDIUM
8,3.87,2,0,MEDIUM
8,4.07,2,0,MEDIUM
8,3.8,2,0,MEDIUM
8,4.8,2,0,MEDIUM
8,4.4,2,0,MEDIUM
7,5.07,2,0,MEDIUM
7,4.93,2,0,MEDIUM
7,2.6,2,0,MEDIUM
7,4.4,2,0,MEDIUM
8,4.4,2,0,MEDIUM
7,5.53,2,0,MEDIUM
6,4.93,2,0,MEDIUM
6,5.27,2,0,MEDIUM
6,5.8,2,0,MEDIUM
5,5.0,3,0,LOW
5,4.8,3,0,LOW
5,4.93,3,0,LOW
5,5.53,3,0,LOW
6,6.33,3,0,MEDIUM
6,5.73,3,0,MEDIUM
6,5.87,3,0,MEDIUM
6,4.69,3,0,MEDIUM
5,4.81,3,0,LOW
6,4.82,3,0,MEDIUM
7,5.82,3,0,MEDIUM
6,5.53,3,0,MEDIUM
6,5.65,3,0,MEDIUM
7,5.53,3,0,MEDIUM
6,5.41,3,0,MEDIUM
6,4.88,4,0,MEDIUM
6,4.59,4,0,MEDIUM
6,4.53,5,0,MEDIUM
7,4.44,5,0,MEDIUM
8,4.63,5,0,MEDIUM
7,4.42,5,0,MEDIUM
9,3.95,5,0,MEDIUM
8,4.63,5,0,MEDIUM
8,4.58,5,0,MEDIUM
6,4.47,5,0,MEDIUM
6,5.53,5,0,MEDIUM
6,5.16,5,0,MEDIUM
6,5.89,5,0,MEDIUM
6,5.11,5,0,MEDIUM
6,4.63,5,0,MEDIUM
6,5.26,5,0,MEDIUM
7,5.05,5,0,MEDIUM
6,4.95,5,0,MEDIUM
6,5.32,5,0,MEDIUM
6,5.37,5,0,MEDIUM
7,4.75,5,0,MEDIUM
7,5.05,5,0,MEDIUM
9,4.71,5,0,MEDIUM
9,4.86,5,0,MEDIUM
8,4.52,5,0,MEDIUM
8,5.14,5,0,MEDIUM
8,4.81,5,0,MEDIUM
8,5.0,5,0,MEDIUM
8,5.33,5,0,MEDIUM
8,5.1,5,0,MEDIUM
8,5.33,5,0,MEDIUM
9,5.29,5,0,MEDIUM
8,5.05,5,0,MEDIUM
8,5.57,5,0,MEDIUM
8,5.38,5,0,MEDIUM
8,5.19,5,0,MEDIUM
7,5.76,5,0,MEDIUM
7,6.14,5,0,MEDIUM
6,6.05,5,0,MEDIUM
7,5.76,5,0,MEDIUM
8,6.29,5,0,MEDIUM
8,6.62,5,0,MEDIUM
8,6.14,5,0,MEDIUM
8,6.05,5,0,MEDIUM
9,6.52,5,0,MEDIUM
9,6.57,5,0,MEDIUM
9,6.62,5,0,MEDIUM
8,6.95,6,0,MEDIUM
8,8.0,6,0,MEDIUM
8,6.52,6,0,MEDIUM
8,6.52,6,0,MEDIUM
8,5.71,7,0,MEDIUM
8,6.52,8,0,MEDIUM
8,5.86,8,0,MEDIUM
7,5.71,8,0,MEDIUM
7,5.9,8,0,MEDIUM
8,5.95,8,0,MEDIUM
7,5.86,8,0,MEDIUM
9,5.82,8,0,MEDIUM
8,6.0,8,0,MEDIUM
8,6.23,8,0,MEDIUM
7,6.09,8,0,MEDIUM
7,5.82,8,0,MEDIUM
6,5.86,8,0,MEDIUM
6,6.55,8,0,MEDIUM
5,6.36,8,0,LOW
5,6.45,8,0,LOW
6,5.91,8,0,MEDIUM
6,6.18,8,0,MEDIUM
5,6.55,8,0,LOW
5,6.27,8,0,LOW
5,6.55,8,0,LOW
5,6.68,8,0,LOW
5,6.77,8,0,LOW
5,6.91,8,0,LOW
5,6.86,9,0,LOW
5,6.14,9,0,LOW
5,6.41,9,0,LOW
5,6.18,9,0,LOW
5,6.77,9,0,LOW
5,7.0,9,0,LOW
5,6.64,9,0,LOW
5,6.32,9,0,LOW
5,6.68,9,0,LOW
4,6.77,9,0,LOW
4,7.05,9,0,LOW
4,6.77,9,0,LOW
4,6.91,9,0,LOW
7,0.0,0,0,MEDIUM
7,0.0,0,0,MEDIUM
7,3.86,0,0,MEDIUM
7,1.0,0,0,MEDIUM
7,3.5,0,0,MEDIUM
7,3.5,0,0,MEDIUM
7,4.62,0,0,MEDIUM
7,4.5,0,0,MEDIUM
7,1.75,0,0,MEDIUM
7,3.5,0,0,MEDIUM
8,3.78,0,0,MEDIUM
8,3.33,0,0,MEDIUM
8,1.78,0,0,MEDIUM
8,3.22,0,0,MEDIUM
8,1.67,0,0,MEDIUM
8,3.11,0,0,MEDIUM
8,1.44,0,0,MEDIUM
8,4.44,0,0,MEDIUM
7,1.56,0,0,MEDIUM
8,4.44,0,0,MEDIUM
7,2.22,0,0,MEDIUM
5,3.22,0,0,LOW
5,1.89,0,0,LOW
6,4.56,1,0,MEDIUM
7,1.7,1,0,MEDIUM
6,3.4,1,0,MEDIUM
6,1.6,1,0,MEDIUM
6,3.4,1,0,MEDIUM
6,1.6,1,0,MEDIUM
6,4.1,1,0,MEDIUM
6,1.8,1,0,MEDIUM
6,3.0,1,0,MEDIUM
7,1.27,1,0,MEDIUM
6,3.09,1,0,MEDIUM
7,1.45,1,0,MEDIUM
6,3.64,1,0,MEDIUM
6,2.09,1,0,MEDIUM
5,2.45,1,0,LOW
6,1.75,1,0,MEDIUM
6,2.08,1,0,MEDIUM
6,1.42,1,0,MEDIUM
5,2.25,1,0,LOW
5,1.25,1,0,LOW
5,2.08,1,0,LOW
6,1.58,1,0,MEDIUM
5,2.25,1,0,LOW
5,1.58,1,0,LOW
6,2.75,1,0,MEDIUM
7,1.46,1,0,MEDIUM
7,2.08,1,0,MEDIUM
7,1.46,1,0,MEDIUM
7,2.23,1,0,MEDIUM
7,1.31,1,0,MEDIUM
6,2.54,1,0,MEDIUM
7,1.46,1,0,MEDIUM
7,2.31,1,0,MEDIUM
7,3.08,1,0,MEDIUM
7,2.54,1,0,MEDIUM
7,3.46,1,0,MEDIUM
7,1.92,1,0,MEDIUM
7,2.69,1,0,MEDIUM
5,3.23,1,0,LOW
5,3.77,1,0,LOW
7,3.77,1,0,MEDIUM
6,3.77,1,0,MEDIUM
8,3.07,1,0,MEDIUM
7,3.64,1,0,MEDIUM
7,3.86,1,0,MEDIUM
6,3.36,1,0,MEDIUM
8,3.79,1,0,MEDIUM
8,3.64,1,0,MEDIUM
8,4.07,1,0,MEDIUM
8,4.5,2,0,MEDIUM
8,3.79,2,0,MEDIUM
8,3.64,2,0,MEDIUM
8,3.07,2,0,MEDIUM
8,4.14,2,0,MEDIUM
8,4.21,2,0,MEDIUM
9,3.53,2,0,MEDIUM
9,3.27,2,0,MEDIUM
8,3.4,2,0,MEDIUM
8,3.53,2,0,MEDIUM
8,3.8,2,0,MEDIUM
8,3.87,2,0,MEDIUM
8,4.07,2,0,MEDIUM
8,3.8,2,0,MEDIUM
8,4.8,2,0,MEDIUM
8,4.4,2,0,MEDIUM
7,5.07,2,0,MEDIUM
7,4.93,2,0,MEDIUM
7,2.6,2,0,MEDIUM
7,4.4,2,0,MEDIUM
8,4.4,2,0,MEDIUM
7,5.53,2,0,MEDIUM
6,4.93,2,0,MEDIUM
6,5.27,2,0,MEDIUM
6,5.8,2,0,MEDIUM
5,5.0,3,0,LOW
5,4.8,3,0,LOW
5,4.93,3,0,LOW
5,5.53,3,0,LOW
6,6.33,3,0,MEDIUM
6,5.73,3,0,MEDIUM
6,5.87,3,0,MEDIUM
6,4.69,3,0,MEDIUM
5,4.81,3,0,LOW
6,4.82,3,0,MEDIUM
7,5.82,3,0,MEDIUM
6,5.53,3,0,MEDIUM
6,5.65,3,0,MEDIUM
7,5.53,3,0,MEDIUM
6,5.41,3,0,MEDIUM
6,4.88,4,0,MEDIUM
6,4.59,4,0,MEDIUM
6,4.53,5,0,MEDIUM
7,4.44,5,0,MEDIUM
8,4.63,5,0,MEDIUM
7,4.42,5,0,MEDIUM
9,3.95,5,0,MEDIUM
8,4.63,5,0,MEDIUM
8,4.58,5,0,MEDIUM
6,4.47,5,0,MEDIUM
6,5.53,5,0,MEDIUM
6,5.16,5,0,MEDIUM
6,5.89,5,0,MEDIUM
6,5.11,5,0,MEDIUM
6,4.63,5,0,MEDIUM
6,5.26,5,0,MEDIUM
7,5.05,5,0,MEDIUM
6,4.95,5,0,MEDIUM
6,5.32,5,0,MEDIUM
6,5.37,5,0,MEDIUM
7,4.75,5,0,MEDIUM
7,5.05,5,0,MEDIUM
9,4.71,5,0,MEDIUM
9,4.86,5,0,MEDIUM
8,4.52,5,0,MEDIUM
8,5.14,5,0,MEDIUM
8,4.81,5,0,MEDIUM
8,5.0,5,0,MEDIUM
8,5.33,5,0,MEDIUM
8,5.1,5,0,MEDIUM
8,5.33,5,0,MEDIUM
9,5.29,5,0,MEDIUM
8,5.05,5,0,MEDIUM
8,5.57,5,0,MEDIUM
8,5.38,5,0,MEDIUM
8,5.19,5,0,MEDIUM
7,5.76,5,0,MEDIUM
7,6.14,5,0,MEDIUM
6,6.05,5,0,MEDIUM
7,5.76,5,0,MEDIUM
8,6.29,5,0,MEDIUM
8,6.62,5,0,MEDIUM
8,6.14,5,0,MEDIUM
8,6.05,5,0,MEDIUM
9,6.52,5,0,MEDIUM
9,6.57,5,0,MEDIUM
9,6.62,5,0,MEDIUM
8,6.95,6,0,MEDIUM
8,8.0,6,0,MEDIUM
8,6.52,6,0,MEDIUM
8,6.52,6,0,MEDIUM
8,5.71,7,0,MEDIUM
8,6.52,8,0,MEDIUM
8,5.86,8,0,MEDIUM
7,5.71,8,0,MEDIUM
7,5.9,8,0,MEDIUM
8,5.95,8,0,MEDIUM
7,5.86,8,0,MEDIUM
9,5.82,8,0,MEDIUM
8,6.0,8,0,MEDIUM
8,6.23,8,0,MEDIUM
7,6.09,8,0,MEDIUM
7,5.82,8,0,MEDIUM
6,5.86,8,0,MEDIUM
6,6.55,8,0,MEDIUM
5,6.36,8,0,LOW
5,6.45,8,0,LOW
6,5.91,8,0,MEDIUM
6,6.18,8,0,MEDIUM
5,6.55,8,0,LOW
5,6.27,8,0,LOW
5,6.55,8,0,LOW
5,6.68,8,0,LOW
5,6.77,8,0,LOW
5,6.91,8,0,LOW
5,6.86,9,0,LOW
5,6.14,9,0,LOW
5,6.41,9,0,LOW
5,6.18,9,0,LOW
5,6.77,9,0,LOW
5,7.0,9,0,LOW
5,6.64,9,0,LOW
5,6.32,9,0,LOW
5,6.68,9,0,LOW
4,6.77,9,0,LOW
4,7.05,9,0,LOW
4,6.77,9,0,LOW
4,6.91,9,0,LOW
4,7.41,9,0,LOW
4,6.82,9,0,LOW
5,6.39,10,0,LOW
5,6.65,10,0,LOW
5,6.48,10,0,LOW
5,6.43,10,0,LOW
5,6.57,10,0,LOW
5,6.65,10,0,LOW
6,6.78,10,0,MEDIUM
6,7.17,10,0,MEDIUM
6,7.04,10,0,MEDIUM
5,6.78,10,0,LOW
5,6.39,11,0,LOW
5,6.61,11,0,LOW
4,6.65,11,0,LOW
5,6.7,11,0,LOW
5,6.74,11,0,LOW
4,6.7,11,0,LOW
4,6.61,11,0,LOW
4,6.61,11,0,LOW
4,6.7,11,0,LOW
4,6.78,11,0,LOW
3,6.65,11,0,LOW
3,6.87,11,0,LOW
3,6.91,11,0,LOW
3,7.0,11,0,LOW
3,6.91,11,0,LOW
3,6.91,11,0,LOW
3,7.17,11,0,LOW
3,7.13,11,0,LOW
3,7.13,11,0,LOW
3,7.13,11,0,LOW
3,7.35,11,0,LOW
3,7.3,11,0,LOW
3,7.09,11,0,LOW
3,6.87,12,0,LOW
3,6.83,12,0,LOW
3,7.04,12,0,LOW
3,7.09,12,0,LOW
3,7.0,12,0,LOW
3,7.13,12,0,LOW
3,7.09,12,0,LOW
3,7.26,12,0,LOW
3,6.91,12,0,LOW
2,7.0,12,0,LOW
2,7.0,12,0,LOW
2,7.0,12,0,LOW
2,6.91,12,0,LOW
3,7.17,12,0,LOW
3,7.17,12,0,LOW
2,7.17,12,0,LOW
2,7.09,12,0,LOW
3,7.04,12,0,LOW
4,6.84,12,0,LOW
4,6.8,12,0,LOW
4,6.84,12,0,LOW
4,6.92,12,0,LOW
4,6.72,12,0,LOW
4,7.0,12,0,LOW
4,7.08,12,0,LOW
4,6.84,12,0,LOW
4,7.16,12,0,LOW
4,7.4,12,0,LOW
4,7.24,12,0,LOW
4,7.12,13,0,LOW
4,6.88,13,0,LOW
4,6.76,13,0,LOW
4,7.0,13,0,LOW
4,6.92,13,0,LOW
4,7.0,13,0,LOW
4,7.2,13,0,LOW
4,6.96,13,0,LOW
4,7.12,13,0,LOW
4,7.08,13,0,LOW
4,7.32,13,0,LOW
3,7.12,13,0,LOW
7,0.0,0,0,MEDIUM
7,0.0,0,0,MEDIUM
7,3.86,0,0,MEDIUM
7,1.0,0,0,MEDIUM
7,3.5,0,0,MEDIUM
7,3.5,0,0,MEDIUM
7,4.62,0,0,MEDIUM
7,4.5,0,0,MEDIUM
7,1.75,0,0,MEDIUM
7,3.5,0,0,MEDIUM
8,3.78,0,0,MEDIUM
8,3.33,0,0,MEDIUM
8,1.78,0,0,MEDIUM
8,3.22,0,0,MEDIUM
8,1.67,0,0,MEDIUM
8,3.11,0,0,MEDIUM
8,1.44,0,0,MEDIUM
8,4.44,0,0,MEDIUM
7,1.56,0,0,MEDIUM
8,4.44,0,0,MEDIUM
7,2.22,0,0,MEDIUM
5,3.22,0,0,LOW
5,1.89,0,0,LOW
6,4.56,1,0,MEDIUM
7,1.7,1,0,MEDIUM
6,3.4,1,0,MEDIUM
6,1.6,1,0,MEDIUM
6,3.4,1,0,MEDIUM
6,1.6,1,0,MEDIUM
6,4.1,1,0,MEDIUM
6,1.8,1,0,MEDIUM
6,3.0,1,0,MEDIUM
7,1.27,1,0,MEDIUM
6,3.09,1,0,MEDIUM
7,1.45,1,0,MEDIUM
6,3.64,1,0,MEDIUM
6,2.09,1,0,MEDIUM
5,2.45,1,0,LOW
6,1.75,1,0,MEDIUM
6,2.08,1,0,MEDIUM
6,1.42,1,0,MEDIUM
5,2.25,1,0,LOW
5,1.25,1,0,LOW
5,2.08,1,0,LOW
6,1.58,1,0,MEDIUM
5,2.25,1,0,LOW
5,1.58,1,0,LOW
6,2.75,1,0,MEDIUM
7,1.46,1,0,MEDIUM
7,2.08,1,0,MEDIUM
7,1.46,1,0,MEDIUM
7,2.23,1,0,MEDIUM
7,1.31,1,0,MEDIUM
6,2.54,1,0,MEDIUM
7,1.46,1,0,MEDIUM
7,2.31,1,0,MEDIUM
7,3.08,1,0,MEDIUM
7,2.54,1,0,MEDIUM
7,3.46,1,0,MEDIUM
7,1.92,1,0,MEDIUM
7,2.69,1,0,MEDIUM
5,3.23,1,0,LOW
5,3.77,1,0,LOW
7,3.77,1,0,MEDIUM
6,3.77,1,0,MEDIUM
8,3.07,1,0,MEDIUM
7,3.64,1,0,MEDIUM
7,3.86,1,0,MEDIUM
6,3.36,1,0,MEDIUM
8,3.79,1,0,MEDIUM
8,3.64,1,0,MEDIUM
8,4.07,1,0,MEDIUM
8,4.5,2,0,MEDIUM
8,3.79,2,0,MEDIUM
8,3.64,2,0,MEDIUM
8,3.07,2,0,MEDIUM
8,4.14,2,0,MEDIUM
8,4.21,2,0,MEDIUM
9,3.53,2,0,MEDIUM
9,3.27,2,0,MEDIUM
8,3.4,2,0,MEDIUM
8,3.53,2,0,MEDIUM
8,3.8,2,0,MEDIUM
8,3.87,2,0,MEDIUM
8,4.07,2,0,MEDIUM
8,3.8,2,0,MEDIUM
8,4.8,2,0,MEDIUM
8,4.4,2,0,MEDIUM
7,5.07,2,0,MEDIUM
7,4.93,2,0,MEDIUM
7,2.6,2,0,MEDIUM
7,4.4,2,0,MEDIUM
8,4.4,2,0,MEDIUM
7,5.53,2,0,MEDIUM
6,4.93,2,0,MEDIUM
6,5.27,2,0,MEDIUM
6,5.8,2,0,MEDIUM
5,5.0,3,0,LOW
5,4.8,3,0,LOW
5,4.93,3,0,LOW
5,5.53,3,0,LOW
6,6.33,3,0,MEDIUM
6,5.73,3,0,MEDIUM
6,5.87,3,0,MEDIUM
6,4.69,3,0,MEDIUM
5,4.81,3,0,LOW
6,4.82,3,0,MEDIUM
7,5.82,3,0,MEDIUM
6,5.53,3,0,MEDIUM
6,5.65,3,0,MEDIUM
7,5.53,3,0,MEDIUM
6,5.41,3,0,MEDIUM
6,4.88,4,0,MEDIUM
6,4.59,4,0,MEDIUM
6,4.53,5,0,MEDIUM
7,4.44,5,0,MEDIUM
8,4.63,5,0,MEDIUM
7,4.42,5,0,MEDIUM
9,3.95,5,0,MEDIUM
8,4.63,5,0,MEDIUM
8,4.58,5,0,MEDIUM
6,4.47,5,0,MEDIUM
6,5.53,5,0,MEDIUM
6,5.16,5,0,MEDIUM
6,5.89,5,0,MEDIUM
6,5.11,5,0,MEDIUM
6,4.63,5,0,MEDIUM
6,5.26,5,0,MEDIUM
3,6.11,5,0,LOW
7,5.95,5,0,MEDIUM
3,5.95,5,0,LOW
6,4.59,5,0,MEDIUM
5,5.23,5,0,LOW
5,5.23,5,0,LOW
6,5.87,5,0,MEDIUM
6,5.87,5,0,MEDIUM
6,6.22,5,0,MEDIUM
6,6.22,5,0,MEDIUM
7,5.17,5,0,MEDIUM
6,4.96,5,0,MEDIUM
7,5.54,5,0,MEDIUM
6,5.5,5,0,MEDIUM
8,5.38,5,0,MEDIUM
6,4.46,5,0,MEDIUM
8,4.5,5,0,MEDIUM
6,5.04,5,0,MEDIUM
6,5.04,5,0,MEDIUM
7,5.04,5,0,MEDIUM
7,5.52,5,0,MEDIUM
7,5.52,5,0,MEDIUM
7,4.88,5,0,MEDIUM
7,5.24,5,0,MEDIUM
7,5.24,5,0,MEDIUM
7,4.8,5,0,MEDIUM
7,4.8,5,0,MEDIUM
7,5.52,5,0,MEDIUM
7,4.48,5,0,MEDIUM
7,4.48,5,0,MEDIUM
7,5.36,5,0,MEDIUM
7,5.08,5,0,MEDIUM
7,5.08,5,0,MEDIUM
7,5.68,5,0,MEDIUM
7,5.04,5,0,MEDIUM
7,5.04,5,0,MEDIUM
5,5.44,5,0,LOW
8,5.44,5,0,MEDIUM
5,5.12,5,0,LOW
7,5.0,5,0,MEDIUM
6,5.76,6,0,MEDIUM
7,6.08,6,0,MEDIUM
6,5.2,6,0,MEDIUM
7,5.16,6,0,MEDIUM
5,5.68,6,0,LOW
7,5.76,6,0,MEDIUM
6,5.2,6,0,MEDIUM
6,5.24,6,0,MEDIUM
6,5.6,6,0,MEDIUM
6,6.0,6,0,MEDIUM
6,5.36,6,0,MEDIUM
6,5.52,6,0,MEDIUM
6,6.48,6,0,MEDIUM
6,6.64,6,0,MEDIUM
6,5.32,6,0,MEDIUM
7,5.88,6,0,MEDIUM
6,6.52,6,0,MEDIUM
7,5.88,6,0,MEDIUM
6,5.88,6,0,MEDIUM
6,6.2,6,0,MEDIUM
8,6.08,6,0,MEDIUM
7,6.08,6,0,MEDIUM
7,5.76,6,0,MEDIUM
6,6.36,6,0,MEDIUM
8,6.04,6,0,MEDIUM
6,6.04,6,0,MEDIUM
8,6.56,6,0,MEDIUM
5,6.84,6,0,LOW
8,6.44,6,0,MEDIUM
5,6.0,6,0,LOW
7,6.64,7,0,MEDIUM
6,6.96,7,0,MEDIUM
7,7.92,7,0,MEDIUM
6,6.44,7,0,MEDIUM
6,6.44,7,0,MEDIUM
5,6.68,7,0,LOW
7,5.88,7,0,MEDIUM
5,5.88,7,0,LOW
5,5.96,8,0,LOW
7,5.96,8,0,MEDIUM
6,5.4,8,0,MEDIUM
6,5.76,9,0,MEDIUM
5,5.76,9,0,LOW
6,5.04,9,0,MEDIUM
5,4.88,9,0,LOW
5,5.08,9,0,LOW
6,5.08,9,0,MEDIUM
5,4.96,9,0,LOW
6,4.96,9,0,MEDIUM
6,5.62,9,0,MEDIUM
7,5.62,9,0,MEDIUM
7,4.96,9,0,MEDIUM
7,4.82,9,0,MEDIUM
8,5.79,9,0,MEDIUM
7,5.68,9,0,MEDIUM
8,5.93,9,0,MEDIUM
7,5.5,9,0,MEDIUM
8,5.86,9,0,MEDIUM
6,5.86,9,0,MEDIUM
7,6.14,9,0,MEDIUM
7,5.68,9,0,MEDIUM
7,5.79,9,0,MEDIUM
7,5.71,9,0,MEDIUM
6,6.07,9,0,MEDIUM
7,6.04,9,0,MEDIUM
6,7.0,9,0,MEDIUM
7,6.5,9,0,MEDIUM
5,6.5,9,0,LOW
7,6.14,9,0,MEDIUM
5,6.82,9,0,LOW
7,6.25,9,0,MEDIUM
7,6.25,9,0,MEDIUM
6,6.25,9,0,MEDIUM
5,6.29,9,0,LOW
6,6.29,9,0,MEDIUM
5,5.39,9,0,LOW
5,6.36,9,0,LOW
7,6.36,9,0,MEDIUM
5,6.96,9,0,LOW
6,7.18,9,0,MEDIUM
5,7.18,9,0,LOW
7,6.68,9,0,MEDIUM
5,7.18,9,0,LOW
6,7.07,9,0,MEDIUM
5,7.14,9,0,LOW
6,6.68,9,0,MEDIUM
5,7.64,9,0,LOW
5,6.71,9,0,LOW
5,7.04,9,0,LOW
7,6.75,9,0,MEDIUM
5,6.07,10,0,LOW
7,6.07,10,0,MEDIUM
5,6.29,10,0,LOW
7,6.29,10,0,MEDIUM
5,6.61,10,0,LOW
7,6.04,10,0,MEDIUM
5,6.64,10,0,LOW
7,6.64,10,0,MEDIUM
8,6.72,10,0,MEDIUM
5,6.72,10,0,LOW
5,6.41,10,0,LOW
8,6.41,10,0,MEDIUM
8,6.66,10,0,MEDIUM
5,6.66,10,0,LOW
8,6.69,10,0,MEDIUM
5,6.69,10,0,LOW
8,6.17,10,0,MEDIUM
4,6.48,10,0,LOW
8,6.21,10,0,MEDIUM
7,6.28,10,0,MEDIUM
4,6.28,10,0,LOW
4,5.93,10,0,LOW
8,5.93,10,0,MEDIUM
4,5.77,10,0,LOW
8,6.2,10,0,MEDIUM
5,7.03,10,0,LOW
8,7.03,10,0,MEDIUM
5,6.3,10,0,LOW
7,6.5,10,0,MEDIUM
5,6.33,11,0,LOW
7,5.97,11,0,MEDIUM
5,6.03,11,0,LOW
7,6.5,11,0,MEDIUM
5,6.53,11,0,LOW
7,6.53,11,0,MEDIUM
5,6.47,11,0,LOW
6,6.6,11,0,MEDIUM
5,6.63,11,0,LOW
6,6.47,11,0,MEDIUM
5,6.6,11,0,LOW
6,5.67,11,0,MEDIUM
6,5.73,11,0,MEDIUM
6,7.07,11,0,MEDIUM
7,7.07,11,0,MEDIUM
6,6.73,11,0,MEDIUM
7,6.73,11,0,MEDIUM
5,6.67,11,0,LOW
6,6.63,11,0,MEDIUM
5,6.63,12,0,LOW
5,6.67,12,0,LOW
5,6.67,12,0,LOW
4,7.17,12,0,LOW
6,7.17,12,0,MEDIUM
6,6.63,12,0,MEDIUM
4,6.67,12,0,LOW
5,6.77,13,0,LOW
5,6.97,13,0,LOW
5,6.87,13,0,LOW
4,6.6,13,0,LOW
5,6.53,13,0,LOW
4,6.53,13,0,LOW
5,7.0,13,0,LOW
4,7.0,13,0,LOW
5,6.87,13,0,LOW
4,6.87,13,0,LOW
5,6.97,13,0,LOW
4,6.97,13,0,LOW
5,7.2,13,0,LOW
3,7.2,13,0,LOW
5,6.97,13,0,LOW
3,6.97,13,0,LOW
5,7.27,13,0,LOW
3,7.4,13,0,LOW
5,7.4,13,0,LOW
3,7.8,13,0,LOW
5,7.8,13,0,LOW
3,7.33,13,0,LOW
5,7.33,13,0,LOW
3,7.57,13,0,LOW
5,7.57,13,0,LOW
5,7.7,13,0,LOW
3,7.7,13,0,LOW
5,7.06,13,0,LOW
5,7.39,14,0,LOW
2,7.39,13,0,LOW
2,7.26,14,0,LOW
2,6.71,14,0,LOW
5,6.71,14,0,LOW
3,6.66,14,0,LOW
5,6.66,15,0,LOW
3,6.67,15,0,LOW
6,6.67,15,0,MEDIUM
3,6.76,15,0,LOW
6,6.76,15,0,MEDIUM
3,6.85,16,0,LOW
5,6.45,16,0,LOW
3,6.36,16,0,LOW
3,6.48,16,0,LOW
6,6.48,16,0,MEDIUM
3,6.7,16,0,LOW
6,6.7,16,0,MEDIUM
3,6.79,16,0,LOW
6,6.73,16,0,MEDIUM
3,6.73,16,0,LOW
4,6.79,16,0,LOW
3,7.42,16,0,LOW
4,7.42,16,0,LOW
3,7.33,16,0,LOW
4,6.82,16,0,LOW
3,6.82,16,0,LOW
2,7.18,16,0,LOW
4,7.18,16,0,LOW
2,7.36,16,0,LOW
4,6.91,16,0,LOW
2,6.58,16,0,LOW
4,6.58,16,0,LOW
2,6.55,16,0,LOW
2,6.88,16,0,LOW
4,6.88,16,0,LOW
4,6.94,16,0,LOW
2,6.94,16,0,LOW
4,7.06,16,0,LOW
4,6.73,16,0,LOW
2,6.73,16,0,LOW
7,0.0,0,0,MEDIUM
7,0.0,0,0,MEDIUM
7,3.86,0,0,MEDIUM
7,1.0,0,0,MEDIUM
7,3.5,0,0,MEDIUM
7,3.5,0,0,MEDIUM
7,4.62,0,0,MEDIUM
7,4.5,0,0,MEDIUM
7,1.75,0,0,MEDIUM
7,3.5,0,0,MEDIUM
8,3.78,0,0,MEDIUM
8,3.33,0,0,MEDIUM
8,1.78,0,0,MEDIUM
8,3.22,0,0,MEDIUM
8,1.67,0,0,MEDIUM
8,3.11,0,0,MEDIUM
8,1.44,0,0,MEDIUM
8,4.44,0,0,MEDIUM
7,1.56,0,0,MEDIUM
8,4.44,0,0,MEDIUM
7,2.22,0,0,MEDIUM
5,3.22,0,0,LOW
5,1.89,0,0,LOW
6,4.56,1,0,MEDIUM
7,1.7,1,0,MEDIUM
6,3.4,1,0,MEDIUM
6,1.6,1,0,MEDIUM
6,3.4,1,0,MEDIUM
6,1.6,1,0,MEDIUM
6,4.1,1,0,MEDIUM
6,1.8,1,0,MEDIUM
6,3.0,1,0,MEDIUM
7,1.27,1,0,MEDIUM
6,3.09,1,0,MEDIUM
7,1.45,1,0,MEDIUM
6,3.64,1,0,MEDIUM
6,2.09,1,0,MEDIUM
5,2.45,1,0,LOW
6,1.75,1,0,MEDIUM
6,2.08,1,0,MEDIUM
6,1.42,1,0,MEDIUM
5,2.25,1,0,LOW
5,1.25,1,0,LOW
5,2.08,1,0,LOW
6,1.58,1,0,MEDIUM
5,2.25,1,0,LOW
5,1.58,1,0,LOW
6,2.75,1,0,MEDIUM
7,1.46,1,0,MEDIUM
7,2.08,1,0,MEDIUM
7,1.46,1,0,MEDIUM
7,2.23,1,0,MEDIUM
7,1.31,1,0,MEDIUM
6,2.54,1,0,MEDIUM
7,1.46,1,0,MEDIUM
7,2.31,1,0,MEDIUM
7,3.08,1,0,MEDIUM
7,2.54,1,0,MEDIUM
7,3.46,1,0,MEDIUM
7,1.92,1,0,MEDIUM
7,2.69,1,0,MEDIUM
5,3.23,1,0,LOW
5,3.77,1,0,LOW
7,3.77,1,0,MEDIUM
6,3.77,1,0,MEDIUM
8,3.07,1,0,MEDIUM
7,3.64,1,0,MEDIUM
7,3.86,1,0,MEDIUM
6,3.36,1,0,MEDIUM
8,3.79,1,0,MEDIUM
8,3.64,1,0,MEDIUM
8,4.07,1,0,MEDIUM
8,4.5,2,0,MEDIUM
8,3.79,2,0,MEDIUM
8,3.64,2,0,MEDIUM
8,3.07,2,0,MEDIUM
8,4.14,2,0,MEDIUM
8,4.21,2,0,MEDIUM
9,3.53,2,0,MEDIUM
9,3.27,2,0,MEDIUM
8,3.4,2,0,MEDIUM
8,3.53,2,0,MEDIUM
8,3.8,2,0,MEDIUM
8,3.87,2,0,MEDIUM
8,4.07,2,0,MEDIUM
8,3.8,2,0,MEDIUM
8,4.8,2,0,MEDIUM
8,4.4,2,0,MEDIUM
7,5.07,2,0,MEDIUM
7,4.93,2,0,MEDIUM
7,2.6,2,0,MEDIUM
7,4.4,2,0,MEDIUM
8,4.4,2,0,MEDIUM
7,5.53,2,0,MEDIUM
6,4.93,2,0,MEDIUM
6,5.27,2,0,MEDIUM
6,5.8,2,0,MEDIUM
5,5.0,3,0,LOW
5,4.8,3,0,LOW
5,4.93,3,0,LOW
5,5.53,3,0,LOW
6,6.33,3,0,MEDIUM
6,5.73,3,0,MEDIUM
6,5.87,3,0,MEDIUM
6,4.69,3,0,MEDIUM
5,4.81,3,0,LOW
6,4.82,3,0,MEDIUM
7,5.82,3,0,MEDIUM
6,5.53,3,0,MEDIUM
6,5.65,3,0,MEDIUM
7,5.53,3,0,MEDIUM
6,5.41,3,0,MEDIUM
6,4.88,4,0,MEDIUM
6,4.59,4,0,MEDIUM
6,4.53,5,0,MEDIUM
7,4.44,5,0,MEDIUM
8,4.63,5,0,MEDIUM
7,4.42,5,0,MEDIUM
9,3.95,5,0,MEDIUM
8,4.63,5,0,MEDIUM
8,4.58,5,0,MEDIUM
6,4.47,5,0,MEDIUM
6,5.53,5,0,MEDIUM
6,5.16,5,0,MEDIUM
6,5.89,5,0,MEDIUM
6,5.11,5,0,MEDIUM
6,4.63,5,0,MEDIUM
6,5.26,5,0,MEDIUM
7,5.05,5,0,MEDIUM
6,4.95,5,0,MEDIUM
6,5.32,5,0,MEDIUM
6,5.37,5,0,MEDIUM
7,4.75,5,0,MEDIUM
7,5.05,5,0,MEDIUM
9,4.71,5,0,MEDIUM
9,4.86,5,0,MEDIUM
8,4.52,5,0,MEDIUM
8,5.14,5,0,MEDIUM
8,4.81,5,0,MEDIUM
8,5.0,5,0,MEDIUM
8,5.33,5,0,MEDIUM
8,5.1,5,0,MEDIUM
8,5.33,5,0,MEDIUM
9,5.29,5,0,MEDIUM
8,5.05,5,0,MEDIUM
8,5.57,5,0,MEDIUM
8,5.38,5,0,MEDIUM
8,5.19,5,0,MEDIUM
7,5.76,5,0,MEDIUM
7,6.14,5,0,MEDIUM
6,6.05,5,0,MEDIUM
7,5.76,5,0,MEDIUM
8,6.29,5,0,MEDIUM
8,6.62,5,0,MEDIUM
8,6.14,5,0,MEDIUM
8,6.05,5,0,MEDIUM
9,6.52,5,0,MEDIUM
9,6.57,5,0,MEDIUM
9,6.62,5,0,MEDIUM
8,6.95,6,0,MEDIUM
8,8.0,6,0,MEDIUM
8,6.52,6,0,MEDIUM
8,6.52,6,0,MEDIUM
8,5.71,7,0,MEDIUM
8,6.52,8,0,MEDIUM
8,5.86,8,0,MEDIUM
7,5.71,8,0,MEDIUM
7,5.9,8,0,MEDIUM
8,5.95,8,0,MEDIUM
7,5.86,8,0,MEDIUM
9,5.82,8,0,MEDIUM
8,6.0,8,0,MEDIUM
8,6.23,8,0,MEDIUM
7,6.09,8,0,MEDIUM
7,5.82,8,0,MEDIUM
6,5.86,8,0,MEDIUM
6,6.55,8,0,MEDIUM
5,6.36,8,0,LOW
5,6.45,8,0,LOW
6,5.91,8,0,MEDIUM
6,6.18,8,0,MEDIUM
5,6.55,8,0,LOW
5,6.27,8,0,LOW
5,6.55,8,0,LOW
5,6.68,8,0,LOW
5,6.77,8,0,LOW
5,6.91,8,0,LOW
5,6.86,9,0,LOW
5,6.14,9,0,LOW
5,6.41,9,0,LOW
5,6.18,9,0,LOW
5,6.77,9,0,LOW
5,7.0,9,0,LOW
5,6.64,9,0,LOW
5,6.32,9,0,LOW
5,6.68,9,0,LOW
4,6.77,9,0,LOW
4,7.05,9,0,LOW
4,6.77,9,0,LOW
4,6.91,9,0,LOW
4,7.41,9,0,LOW
4,6.82,9,0,LOW
5,6.39,10,0,LOW
5,6.65,10,0,LOW
5,6.48,10,0,LOW
5,6.43,10,0,LOW
5,6.57,10,0,LOW
5,6.65,10,0,LOW
6,6.78,10,0,MEDIUM
6,7.17,10,0,MEDIUM
6,7.04,10,0,MEDIUM
5,6.78,10,0,LOW
5,6.39,11,0,LOW
5,6.61,11,0,LOW
4,6.65,11,0,LOW
5,6.7,11,0,LOW
5,6.74,11,0,LOW
4,6.7,11,0,LOW
4,6.61,11,0,LOW
4,6.61,11,0,LOW
4,6.7,11,0,LOW
4,6.78,11,0,LOW
3,6.65,11,0,LOW
3,6.87,11,0,LOW
3,6.91,11,0,LOW
3,7.0,11,0,LOW
3,6.91,11,0,LOW
3,6.91,11,0,LOW
3,7.17,11,0,LOW
3,7.13,11,0,LOW
3,7.13,11,0,LOW
3,7.13,11,0,LOW
3,7.35,11,0,LOW
3,7.3,11,0,LOW
3,7.09,11,0,LOW
3,6.87,12,0,LOW
3,6.83,12,0,LOW
3,7.04,12,0,LOW
3,7.09,12,0,LOW
3,7.0,12,0,LOW
3,7.13,12,0,LOW
3,7.09,12,0,LOW
3,7.26,12,0,LOW
3,6.91,12,0,LOW
2,7.0,12,0,LOW
2,7.0,12,0,LOW
2,7.0,12,0,LOW
2,6.91,12,0,LOW
3,7.17,12,0,LOW
3,7.17,12,0,LOW
2,7.17,12,0,LOW
2,7.09,12,0,LOW
3,7.04,12,0,LOW
4,6.84,12,0,LOW
4,6.8,12,0,LOW
4,6.84,12,0,LOW
4,6.92,12,0,LOW
4,6.72,12,0,LOW
4,7.0,12,0,LOW
4,7.08,12,0,LOW
4,6.84,12,0,LOW
4,7.16,12,0,LOW
4,7.4,12,0,LOW
4,7.24,12,0,LOW
4,7.12,13,0,LOW
4,6.88,13,0,LOW
4,6.76,13,0,LOW
4,7.0,13,0,LOW
4,6.92,13,0,LOW
4,7.0,13,0,LOW
4,7.2,13,0,LOW
4,6.96,13,0,LOW
4,7.12,13,0,LOW
4,7.08,13,0,LOW
4,7.32,13,0,LOW
3,7.12,13,0,LOW
3,7.28,13,0,LOW
3,7.24,13,0,LOW
3,7.44,13,0,LOW
3,7.32,13,0,LOW
3,7.56,13,0,LOW
3,7.64,13,0,LOW
3,7.32,14,0,LOW
3,7.08,14,0,LOW
3,7.0,14,0,LOW
3,7.16,14,0,LOW
3,7.04,14,0,LOW
3,7.2,14,0,LOW
3,7.32,14,0,LOW
3,7.16,14,0,LOW
2,7.32,14,0,LOW
1,7.24,14,0,LOW
1,7.24,14,0,LOW
2,7.24,14,0,LOW
2,7.16,14,0,LOW
3,6.88,14,0,LOW
3,6.96,14,0,LOW
3,7.08,14,0,LOW
3,6.96,14,0,LOW
3,7.12,14,0,LOW
3,6.96,14,0,LOW
2,6.88,14,0,LOW
3,7.12,14,0,LOW
3,7.27,14,0,LOW
3,7.04,14,0,LOW
3,7.04,14,0,LOW
3,6.88,14,0,LOW
2,6.96,14,0,LOW
2,6.88,14,0,LOW
2,7.04,14,0,LOW
2,7.04,14,0,LOW
2,6.88,14,0,LOW
2,6.96,14,0,LOW
2,7.04,14,0,LOW
3,7.12,14,0,LOW
3,7.12,14,0,LOW
3,7.04,14,0,LOW
3,6.96,14,0,LOW
3,7.12,14,0,LOW
3,7.15,14,0,LOW
3,7.04,14,0,LOW
3,7.08,14,0,LOW
3,7.12,14,0,LOW
3,7.08,14,0,LOW
3,7.0,14,0,LOW
3,6.96,14,0,LOW
3,7.23,14,0,LOW
3,7.19,14,0,LOW
3,7.04,14,0,LOW
3,7.19,14,0,LOW
5,6.64,14,0,LOW
4,6.71,14,0,LOW
4,7.04,14,0,LOW
3,6.86,14,0,LOW
3,6.82,14,0,LOW
3,6.89,14,0,LOW
3,7.11,14,0,LOW
3,6.86,14,0,LOW
3,6.82,14,0,LOW
4,6.66,14,0,LOW
4,6.76,14,0,LOW
4,6.93,14,0,LOW
4,6.79,14,0,LOW
4,6.59,14,0,LOW
4,7.07,14,0,LOW
4,6.97,14,0,LOW
4,7.1,14,0,LOW
4,6.72,14,0,LOW
3,7.07,14,0,LOW
4,6.9,14,0,LOW
3,8.03,14,0,LOW
3,6.62,14,0,LOW
4,6.93,14,0,LOW
4,6.9,14,0,LOW
4,7.07,14,0,LOW
4,7.14,14,0,LOW
4,7.21,14,0,LOW
4,7.07,14,0,LOW
3,7.14,14,0,LOW
4,7.66,14,0,LOW
3,7.0,14,0,LOW
4,6.79,15,0,LOW
2,6.66,15,0,LOW
3,6.63,15,0,LOW
3,6.57,15,0,LOW
3,7.77,15,0,LOW
3,6.93,15,0,LOW
4,6.48,15,0,LOW
4,6.74,15,0,LOW
3,6.61,15,0,LOW
3,6.55,15,0,LOW
3,6.68,15,0,LOW
4,6.68,15,0,LOW
4,6.68,15,0,LOW
4,6.84,15,0,LOW
4,6.81,15,0,LOW
4,6.94,15,0,LOW
4,6.94,15,0,LOW
7,0.0,0,0,MEDIUM
7,0.0,0,0,MEDIUM
7,3.86,0,0,MEDIUM
7,1.0,0,0,MEDIUM
7,3.5,0,0,MEDIUM
7,3.5,0,0,MEDIUM
7,4.62,0,0,MEDIUM
7,4.5,0,0,MEDIUM
7,1.75,0,0,MEDIUM
7,3.5,0,0,MEDIUM
8,3.78,0,0,MEDIUM
8,3.33,0,0,MEDIUM
8,1.78,0,0,MEDIUM
8,3.22,0,0,MEDIUM
8,1.67,0,0,MEDIUM
8,3.11,0,0,MEDIUM
8,1.44,0,0,MEDIUM
8,4.44,0,0,MEDIUM
7,1.56,0,0,MEDIUM
8,4.44,0,0,MEDIUM
7,2.22,0,0,MEDIUM
5,3.22,0,0,LOW
5,1.89,0,0,LOW
6,4.56,1,0,MEDIUM
7,1.7,1,0,MEDIUM
6,3.4,1,0,MEDIUM
6,1.6,1,0,MEDIUM
6,3.4,1,0,MEDIUM
6,1.6,1,0,MEDIUM
6,4.1,1,0,MEDIUM
6,1.8,1,0,MEDIUM
6,3.0,1,0,MEDIUM
7,1.27,1,0,MEDIUM
6,3.09,1,0,MEDIUM
7,1.45,1,0,MEDIUM
6,3.64,1,0,MEDIUM
6,2.09,1,0,MEDIUM
5,2.45,1,0,LOW
6,1.75,1,0,MEDIUM
6,2.08,1,0,MEDIUM
6,1.42,1,0,MEDIUM
5,2.25,1,0,LOW
5,1.25,1,0,LOW
5,2.08,1,0,LOW
6,1.58,1,0,MEDIUM
5,2.25,1,0,LOW
5,1.58,1,0,LOW
6,2.75,1,0,MEDIUM
7,1.46,1,0,MEDIUM
7,2.08,1,0,MEDIUM
7,1.46,1,0,MEDIUM
7,2.23,1,0,MEDIUM
7,1.31,1,0,MEDIUM
6,2.54,1,0,MEDIUM
7,1.46,1,0,MEDIUM
7,2.31,1,0,MEDIUM
7,3.08,1,0,MEDIUM
7,2.54,1,0,MEDIUM
7,3.46,1,0,MEDIUM
7,1.92,1,0,MEDIUM
7,2.69,1,0,MEDIUM
5,3.23,1,0,LOW
5,3.77,1,0,LOW
7,3.77,1,0,MEDIUM
6,3.77,1,0,MEDIUM
8,3.07,1,0,MEDIUM
7,3.64,1,0,MEDIUM
7,3.86,1,0,MEDIUM
6,3.36,1,0,MEDIUM
8,3.79,1,0,MEDIUM
8,3.64,1,0,MEDIUM
8,4.07,1,0,MEDIUM
8,4.5,2,0,MEDIUM
8,3.79,2,0,MEDIUM
8,3.64,2,0,MEDIUM
8,3.07,2,0,MEDIUM
8,4.14,2,0,MEDIUM
8,4.21,2,0,MEDIUM
9,3.53,2,0,MEDIUM
9,3.27,2,0,MEDIUM
8,3.4,2,0,MEDIUM
8,3.53,2,0,MEDIUM
8,3.8,2,0,MEDIUM
8,3.87,2,0,MEDIUM
8,4.07,2,0,MEDIUM
8,3.8,2,0,MEDIUM
8,4.8,2,0,MEDIUM
8,4.4,2,0,MEDIUM
7,5.07,2,0,MEDIUM
7,4.93,2,0,MEDIUM
7,2.6,2,0,MEDIUM
7,4.4,2,0,MEDIUM
8,4.4,2,0,MEDIUM
7,5.53,2,0,MEDIUM
6,4.93,2,0,MEDIUM
6,5.27,2,0,MEDIUM
6,5.8,2,0,MEDIUM
5,5.0,3,0,LOW
5,4.8,3,0,LOW
5,4.93,3,0,LOW
5,5.53,3,0,LOW
6,6.33,3,0,MEDIUM
6,5.73,3,0,MEDIUM
6,5.87,3,0,MEDIUM
6,4.69,3,0,MEDIUM
5,4.81,3,0,LOW
6,4.82,3,0,MEDIUM
7,5.82,3,0,MEDIUM
6,5.53,3,0,MEDIUM
6,5.65,3,0,MEDIUM
7,5.53,3,0,MEDIUM
6,5.41,3,0,MEDIUM
6,4.88,4,0,MEDIUM
6,4.59,4,0,MEDIUM
6,4.53,5,0,MEDIUM
7,4.44,5,0,MEDIUM
8,4.63,5,0,MEDIUM
7,4.42,5,0,MEDIUM
9,3.95,5,0,MEDIUM
8,4.63,5,0,MEDIUM
8,4.58,5,0,MEDIUM
6,4.47,5,0,MEDIUM
6,5.53,5,0,MEDIUM
6,5.16,5,0,MEDIUM
6,5.89,5,0,MEDIUM
6,5.11,5,0,MEDIUM
6,4.63,5,0,MEDIUM
6,5.26,5,0,MEDIUM
7,5.05,5,0,MEDIUM
6,4.95,5,0,MEDIUM
6,5.32,5,0,MEDIUM
6,5.37,5,0,MEDIUM
7,4.75,5,0,MEDIUM
7,5.05,5,0,MEDIUM
7,0.0,0,0,MEDIUM
7,0.0,0,0,MEDIUM
7,3.86,0,0,MEDIUM
7,1.0,0,0,MEDIUM
7,3.5,0,0,MEDIUM
7,3.5,0,0,MEDIUM
7,4.62,0,0,MEDIUM
7,4.5,0,0,MEDIUM
7,1.75,0,0,MEDIUM
7,3.5,0,0,MEDIUM
8,3.78,0,0,MEDIUM
8,3.33,0,0,MEDIUM
8,1.78,0,0,MEDIUM
8,3.22,0,0,MEDIUM
8,1.67,0,0,MEDIUM
8,3.11,0,0,MEDIUM
8,1.44,0,0,MEDIUM
8,4.44,0,0,MEDIUM
7,1.56,0,0,MEDIUM
8,4.44,0,0,MEDIUM
7,2.22,0,0,MEDIUM
5,3.22,0,0,LOW
5,1.89,0,0,LOW
6,4.56,1,0,MEDIUM
7,1.7,1,0,MEDIUM
6,3.4,1,0,MEDIUM
6,1.6,1,0,MEDIUM
6,3.4,1,0,MEDIUM
6,1.6,1,0,MEDIUM
6,4.1,1,0,MEDIUM
6,1.8,1,0,MEDIUM
6,3.0,1,0,MEDIUM
7,1.27,1,0,MEDIUM
6,3.09,1,0,MEDIUM
7,1.45,1,0,MEDIUM
6,3.64,1,0,MEDIUM
6,2.09,1,0,MEDIUM
5,2.45,1,0,LOW
6,1.75,1,0,MEDIUM
6,2.08,1,0,MEDIUM
6,1.42,1,0,MEDIUM
5,2.25,1,0,LOW
5,1.25,1,0,LOW
5,2.08,1,0,LOW
6,1.58,1,0,MEDIUM
5,2.25,1,0,LOW
5,1.58,1,0,LOW
6,2.75,1,0,MEDIUM
7,1.46,1,0,MEDIUM
7,2.08,1,0,MEDIUM
7,1.46,1,0,MEDIUM
7,2.23,1,0,MEDIUM
7,1.31,1,0,MEDIUM
6,2.54,1,0,MEDIUM
7,1.46,1,0,MEDIUM
7,2.31,1,0,MEDIUM
7,3.08,1,0,MEDIUM
7,2.54,1,0,MEDIUM
7,3.46,1,0,MEDIUM
7,1.92,1,0,MEDIUM
7,2.69,1,0,MEDIUM
5,3.23,1,0,LOW
5,3.77,1,0,LOW
7,3.77,1,0,MEDIUM
6,3.77,1,0,MEDIUM
8,3.07,1,0,MEDIUM
7,3.64,1,0,MEDIUM
7,3.86,1,0,MEDIUM
6,3.36,1,0,MEDIUM
8,3.79,1,0,MEDIUM
8,3.64,1,0,MEDIUM
8,4.07,1,0,MEDIUM
8,4.5,2,0,MEDIUM
8,3.79,2,0,MEDIUM
8,3.64,2,0,MEDIUM
8,3.07,2,0,MEDIUM
8,4.14,2,0,MEDIUM
2,4.29,2,0,LOW
8,4.71,2,0,MEDIUM
2,4.86,2,0,LOW
8,3.71,2,0,MEDIUM
2,3.5,2,0,LOW
8,3.5,2,0,MEDIUM
2,3.5,2,0,LOW
7,3.5,2,0,MEDIUM
2,3.79,2,0,LOW
7,3.79,2,0,MEDIUM
2,4.07,2,0,LOW
7,4.07,2,0,MEDIUM
2,4.0,2,0,LOW
7,4.0,2,0,MEDIUM
2,4.71,2,0,LOW
7,4.71,2,0,MEDIUM
2,4.57,2,0,LOW
7,3.79,2,0,MEDIUM
2,3.64,2,0,LOW
7,5.21,2,0,MEDIUM
3,5.79,2,0,LOW
7,4.5,2,0,MEDIUM
3,4.93,2,0,LOW
6,5.14,2,0,MEDIUM
4,6.5,2,0,LOW
6,5.07,2,0,MEDIUM
4,6.64,2,0,LOW
6,5.07,2,0,MEDIUM
4,5.29,2,0,LOW
6,5.07,2,0,MEDIUM
4,6.07,2,0,LOW
7,5.21,2,0,MEDIUM
4,5.43,2,0,LOW
7,5.21,2,0,MEDIUM
5,5.33,2,0,LOW
6,5.33,2,0,MEDIUM
5,4.6,2,0,LOW
6,4.6,2,0,MEDIUM
5,5.33,2,0,LOW
6,5.47,2,0,MEDIUM
5,5.2,2,0,LOW
5,5.2,3,0,LOW
3,5.4,3,0,LOW
5,5.73,3,0,LOW
3,5.13,3,0,LOW
5,4.8,3,0,LOW
3,4.87,3,0,LOW
5,5.4,3,0,LOW
3,5.67,3,0,LOW
5,5.67,3,0,LOW
3,6.47,3,0,LOW
6,6.47,3,0,MEDIUM
3,7.07,3,0,LOW
6,7.07,3,0,MEDIUM
3,5.33,3,0,LOW
6,5.33,3,0,MEDIUM
3,4.67,3,0,LOW
6,4.67,3,0,MEDIUM
3,5.33,3,0,LOW
6,5.33,3,0,MEDIUM
3,5.4,3,0,LOW
6,5.4,3,0,MEDIUM
3,5.33,3,0,LOW
6,5.33,3,0,MEDIUM
3,5.27,3,0,LOW
6,5.27,3,0,MEDIUM
3,5.67,3,0,LOW
6,5.87,3,0,MEDIUM
4,5.2,3,0,LOW
4,5.07,3,0,LOW
3,5.2,3,0,LOW
4,5.0,4,0,LOW
3,4.2,4,0,LOW
4,3.6,4,0,LOW
2,3.73,4,0,LOW
4,3.93,5,0,LOW
2,3.53,5,0,LOW
4,3.87,5,0,LOW
3,3.87,5,0,LOW
4,4.27,5,0,LOW
3,4.27,5,0,LOW
4,4.0,5,0,LOW
2,3.87,5,0,LOW
6,3.87,5,0,MEDIUM
2,3.87,5,0,LOW
5,4.53,5,0,LOW
2,4.53,5,0,LOW
5,4.4,5,0,LOW
3,4.4,5,0,LOW
5,3.67,5,0,LOW
3,3.67,5,0,LOW
5,3.78,5,0,LOW
3,5.44,5,0,LOW
6,5.44,5,0,MEDIUM
3,5.17,5,0,LOW
6,3.83,5,0,MEDIUM
2,3.61,5,0,LOW
6,4.33,5,0,MEDIUM
2,4.17,5,0,LOW
6,3.44,5,0,MEDIUM
2,3.56,5,0,LOW
6,4.33,5,0,MEDIUM
6,3.72,5,0,MEDIUM
2,3.72,5,0,LOW
5,4.17,5,0,LOW
3,4.17,5,0,LOW
6,3.78,5,0,MEDIUM
2,3.78,5,0,LOW
6,4.33,5,0,MEDIUM
2,4.33,5,0,LOW
6,5.22,5,0,MEDIUM
2,5.22,5,0,LOW
6,4.28,5,0,MEDIUM
2,4.28,5,0,LOW
6,5.22,5,0,MEDIUM
2,5.22,5,0,LOW
6,4.22,5,0,MEDIUM
3,4.22,5,0,LOW
6,4.44,5,0,MEDIUM
3,4.44,5,0,LOW
5,5.0,5,0,LOW
2,4.89,5,0,LOW
5,4.94,5,0,LOW
2,5.11,5,0,LOW
6,5.17,5,0,MEDIUM
2,5.39,5,0,LOW
5,5.44,5,0,LOW
2,5.61,5,0,LOW
6,5.33,5,0,MEDIUM
2,5.33,5,0,LOW
5,5.17,5,0,LOW
2,5.44,5,0,LOW
5,6.28,5,0,LOW
2,6.06,5,0,LOW
5,5.33,5,0,LOW
3,5.33,5,0,LOW
6,5.5,5,0,MEDIUM
2,5.67,5,0,LOW
6,7.22,5,0,MEDIUM
3,6.94,5,0,LOW
6,6.5,5,0,MEDIUM
3,6.83,5,0,LOW
6,6.5,6,0,MEDIUM
3,6.67,6,0,LOW
6,6.44,6,0,MEDIUM
3,6.72,6,0,LOW
6,5.83,6,0,MEDIUM
3,6.28,6,0,LOW
6,6.33,6,0,MEDIUM
3,6.56,6,0,LOW
6,6.94,6,0,MEDIUM
3,6.89,6,0,LOW
6,7.5,6,0,MEDIUM
3,7.5,6,0,LOW
6,7.11,6,0,MEDIUM
3,7.11,6,0,LOW
6,7.17,6,0,MEDIUM
4,7.17,6,0,LOW
5,7.22,6,0,LOW
3,7.22,6,0,LOW
5,7.22,6,0,LOW
4,7.22,6,0,LOW
5,7.67,6,0,LOW
3,7.67,6,0,LOW
9,5.42,6,0,MEDIUM
5,7.62,6,0,LOW
8,7.62,7,0,MEDIUM
5,7.42,7,0,LOW
8,8.29,7,0,MEDIUM
5,8.0,7,0,LOW
8,7.08,7,0,MEDIUM
5,7.08,7,0,LOW
8,6.62,7,0,MEDIUM
5,6.38,7,0,LOW
8,6.12,8,0,MEDIUM
4,6.54,8,0,LOW
8,7.12,9,0,MEDIUM
4,6.83,9,0,LOW
8,6.5,9,0,MEDIUM
4,5.42,9,0,LOW
7,5.0,9,0,MEDIUM
7,6.04,9,0,MEDIUM
4,6.04,9,0,LOW
8,6.29,9,0,MEDIUM
5,6.29,9,0,LOW
7,6.58,9,0,MEDIUM
5,6.67,9,0,LOW
8,6.83,9,0,MEDIUM
4,6.83,9,0,LOW
8,7.21,9,0,MEDIUM
4,7.21,9,0,LOW
8,7.5,9,0,MEDIUM
4,7.75,9,0,LOW
7,7.38,9,0,MEDIUM
4,6.92,10,0,LOW
7,6.75,10,0,MEDIUM
4,6.58,10,0,LOW
6,6.71,10,0,MEDIUM
4,7.17,10,0,LOW
6,7.17,10,0,MEDIUM
5,7.16,10,0,LOW
5,7.16,10,0,LOW
5,7.32,10,0,LOW
5,7.32,10,0,LOW
5,6.88,10,0,LOW
6,6.88,10,0,MEDIUM
5,7.12,10,0,LOW
6,7.36,10,0,MEDIUM
4,7.2,10,0,LOW
5,7.2,10,0,LOW
4,6.96,10,0,LOW
5,6.96,10,0,LOW
4,7.52,10,0,LOW
5,7.52,10,0,LOW
5,8.2,10,0,LOW
5,8.08,10,0,LOW
4,8.0,10,0,LOW
5,8.44,10,0,LOW
4,8.52,10,0,LOW
5,8.48,10,0,LOW
4,8.2,10,0,LOW
5,7.6,11,0,LOW
3,7.44,11,0,LOW
5,7.16,11,0,LOW
3,6.88,12,0,LOW
5,7.0,12,0,LOW
4,7.16,12,0,LOW
5,6.84,12,0,LOW
3,6.8,13,0,LOW
3,7.48,13,0,LOW
5,7.48,13,0,LOW
8,6.3,13,0,MEDIUM
5,6.3,13,0,LOW
7,6.37,13,0,MEDIUM
5,6.37,13,0,LOW
9,6.1,13,0,MEDIUM
5,6.1,13,0,LOW
5,6.17,13,0,LOW
8,6.37,13,0,MEDIUM
4,7.0,13,0,LOW
8,6.87,13,0,MEDIUM
4,6.6,13,0,LOW
6,6.67,13,0,MEDIUM
4,6.57,13,0,LOW
6,7.43,13,0,MEDIUM
4,7.1,13,0,LOW
6,7.1,13,0,MEDIUM
6,7.73,13,0,MEDIUM
4,7.73,13,0,LOW
6,6.8,13,0,MEDIUM
4,6.8,13,0,LOW
6,6.33,13,0,MEDIUM
4,6.33,14,0,LOW
5,6.29,14,0,LOW
6,6.9,14,0,MEDIUM
5,6.9,14,0,LOW
7,6.39,14,0,MEDIUM
5,6.39,14,0,LOW
6,6.58,14,0,MEDIUM
5,6.58,14,0,LOW
6,6.77,14,0,MEDIUM
5,6.77,14,0,LOW
6,6.94,14,0,MEDIUM
6,7.06,14,0,MEDIUM
6,6.77,14,0,MEDIUM
6,7.13,14,0,MEDIUM
6,7.13,14,0,MEDIUM
6,7.06,14,0,MEDIUM
7,7.06,14,0,MEDIUM
5,6.74,14,0,LOW
7,6.52,14,0,MEDIUM
5,6.35,15,0,LOW
6,6.52,15,0,MEDIUM
5,6.74,15,0,LOW
4,6.84,15,0,LOW
6,6.84,15,0,MEDIUM
5,6.74,15,0,LOW
6,6.9,15,0,MEDIUM
5,7.0,15,0,LOW
6,7.0,15,0,MEDIUM
6,6.9,15,0,MEDIUM
4,6.9,15,0,LOW
4,6.84,15,0,LOW
6,6.94,15,0,MEDIUM
4,7.06,15,0,LOW
6,7.1,15,0,MEDIUM
4,6.94,15,0,LOW
7,6.94,15,0,MEDIUM
7,6.91,15,0,MEDIUM
4,6.91,15,0,LOW
7,7.09,15,0,MEDIUM
3,7.09,15,0,LOW
3,7.28,15,0,LOW
7,7.28,15,0,MEDIUM
3,7.09,15,0,LOW
7,7.09,15,0,MEDIUM
3,7.25,15,0,LOW
6,7.34,15,0,MEDIUM
3,7.53,15,0,LOW
6,7.53,15,0,MEDIUM
3,7.38,15,0,LOW
6,7.41,15,0,MEDIUM
3,7.78,15,0,LOW
6,7.78,15,0,MEDIUM
3,7.62,15,0,LOW
7,7.94,15,0,MEDIUM
3,7.88,15,0,LOW
7,8.03,15,0,MEDIUM
3,8.16,15,0,LOW
8,7.91,15,0,MEDIUM
3,7.97,15,0,LOW
7,7.81,15,0,MEDIUM
3,7.84,15,0,LOW
8,7.75,15,0,MEDIUM
3,7.75,15,0,LOW
8,8.22,15,0,MEDIUM
3,8.19,16,0,LOW
8,7.91,16,0,MEDIUM
3,7.81,16,0,LOW
7,8.16,17,0,MEDIUM
3,8.16,17,0,LOW
8,9.66,17,0,MEDIUM
3,9.84,17,0,LOW
7,8.84,17,0,MEDIUM
3,8.5,17,0,LOW
7,8.5,17,0,MEDIUM
8,8.33,18,0,MEDIUM
3,8.33,18,0,LOW
8,8.39,19,0,MEDIUM
3,8.39,19,0,LOW
3,8.33,19,0,LOW
8,8.33,19,0,MEDIUM
3,7.82,19,0,LOW
7,7.82,19,0,MEDIUM
2,8.0,19,0,LOW
7,7.7,19,0,MEDIUM
2,8.06,19,0,LOW
8,8.06,19,0,MEDIUM
7,7.85,19,0,MEDIUM
2,7.85,19,0,LOW
8,8.21,19,0,MEDIUM
2,8.21,19,0,LOW
8,8.36,19,0,MEDIUM
3,8.36,19,0,LOW
8,8.61,19,0,MEDIUM
3,8.61,19,0,LOW
7,8.27,19,0,MEDIUM
2,8.27,19,0,LOW
7,8.27,19,0,MEDIUM
2,8.3,19,0,LOW
6,8.3,19,0,MEDIUM
3,8.7,19,0,LOW
6,8.7,19,0,MEDIUM
3,8.88,19,0,LOW
5,8.79,19,0,LOW
3,8.64,19,0,LOW
5,8.64,19,0,LOW
3,8.67,19,0,LOW
6,8.45,19,0,MEDIUM
3,8.45,19,0,LOW
6,8.61,19,0,MEDIUM
3,8.61,19,0,LOW
5,8.91,19,0,LOW
3,8.85,19,0,LOW
5,8.61,19,0,LOW
3,8.79,19,0,LOW
5,8.97,19,0,LOW
3,8.79,19,0,LOW
5,8.73,19,0,LOW
3,9.03,19,0,LOW
5,9.45,19,0,LOW
3,9.52,19,0,LOW
5,9.55,19,0,LOW
5,9.21,20,0,LOW
3,9.21,19,0,LOW
5,8.52,20,0,LOW
3,8.52,21,0,LOW
5,8.82,21,0,LOW
3,8.82,21,0,LOW
5,8.45,21,0,LOW
3,8.45,21,0,LOW
5,9.03,21,0,LOW
3,9.15,21,0,LOW
5,9.18,21,0,LOW
3,8.82,21,0,LOW
5,8.82,21,0,LOW
3,8.82,21,0,LOW
5,8.82,21,0,LOW
3,9.12,21,0,LOW
5,9.12,21,0,LOW
4,9.12,21,0,LOW
3,9.12,21,0,LOW
4,9.12,21,0,LOW
3,9.39,21,0,LOW
4,9.27,21,0,LOW
3,9.27,21,0,LOW
4,9.27,21,0,LOW
3,9.88,21,0,LOW
4,9.88,21,0,LOW
2,9.73,21,0,LOW
4,9.27,21,0,LOW
2,9.3,21,0,LOW
4,9.09,22,0,LOW
2,9.12,22,0,LOW
4,9.33,22,0,LOW
2,9.45,22,0,LOW
4,9.36,22,0,LOW
2,9.36,22,0,LOW
4,9.36,22,0,LOW
2,9.48,22,0,LOW
4,9.52,22,0,LOW
2,9.52,22,0,LOW
4,9.64,22,0,LOW
2,9.45,23,0,LOW
5,9.52,23,0,LOW
2,9.33,23,0,LOW
5,9.67,23,0,LOW
2,9.67,23,0,LOW
5,9.42,23,0,LOW
2,9.61,23,0,LOW
4,9.36,23,0,LOW
4,9.21,24,0,LOW
2,9.21,23,0,LOW
4,9.12,24,0,LOW
2,9.12,24,0,LOW
3,9.3,24,0,LOW
2,9.3,24,0,LOW
4,9.21,24,0,LOW
2,9.39,24,0,LOW
4,9.39,24,0,LOW
1,9.39,24,0,LOW
3,9.27,24,0,LOW
3,9.27,24,0,LOW
3,9.27,24,0,LOW
3,9.27,24,0,LOW
3,9.33,24,0,LOW
1,9.33,24,0,LOW
3,9.39,24,0,LOW
1,9.39,24,0,LOW
3,9.39,24,0,LOW
1,9.42,24,0,LOW
2,9.42,24,0,LOW
3,9.26,24,0,LOW
1,9.47,24,0,LOW
3,9.47,24,0,LOW
1,9.5,24,0,LOW
3,9.5,24,0,LOW
1,9.41,24,0,LOW
3,9.41,24,0,LOW
1,9.38,24,0,LOW
3,9.38,24,0,LOW
1,9.56,24,0,LOW
3,9.56,24,0,LOW
3,9.5,24,0,LOW
3,9.47,24,0,LOW
1,9.53,24,0,LOW
3,9.53,24,0,LOW
1,9.53,24,0,LOW
3,9.53,24,0,LOW
1,9.47,24,0,LOW
3,9.59,24,0,LOW
1,9.59,24,0,LOW
3,9.62,24,0,LOW
1,9.62,24,0,LOW
3,9.38,24,0,LOW
3,9.38,24,0,LOW
3,9.35,25,0,LOW
3,9.35,25,0,LOW
3,9.26,25,0,LOW
4,9.26,25,0,LOW
3,9.38,25,0,LOW
4,9.38,25,0,LOW
3,9.41,25,0,LOW
4,9.32,25,0,LOW
3,9.32,25,0,LOW
4,9.32,25,0,LOW
3,9.5,25,0,LOW
4,9.5,25,0,LOW
3,9.53,25,0,LOW
1,9.59,25,0,LOW
3,9.5,25,0,LOW
1,9.32,25,0,LOW
1,9.32,25,0,LOW
3,9.32,25,0,LOW
2,9.38,25,0,LOW
1,9.38,25,0,LOW
2,9.53,25,0,LOW
1,9.53,25,0,LOW
1,9.41,25,0,LOW
2,9.41,25,0,LOW
3,8.86,25,0,LOW
2,8.86,25,0,LOW
3,9.08,25,0,LOW
3,9.17,25,0,LOW
3,9.17,25,0,LOW
3,9.22,25,0,LOW
3,9.22,25,0,LOW
3,8.97,25,0,LOW
2,8.97,25,0,LOW
3,9.22,25,0,LOW
2,9.22,25,0,LOW
3,9.19,25,0,LOW
3,9.19,25,0,LOW
3,9.25,25,0,LOW
3,9.42,25,0,LOW
3,9.36,25,0,LOW
3,9.22,25,0,LOW
3,9.22,25,0,LOW
3,9.28,25,0,LOW
3,9.28,25,0,LOW
3,9.28,25,0,LOW
3,9.22,25,0,LOW
3,9.42,25,0,LOW
3,9.47,25,0,LOW
3,9.53,25,0,LOW
3,9.39,25,0,LOW
3,9.5,25,0,LOW
3,9.47,25,0,LOW
3,9.36,25,0,LOW
3,9.42,25,0,LOW
3,9.69,25,0,LOW
3,9.86,25,0,LOW
3,9.92,25,0,LOW
3,9.61,25,0,LOW
3,9.81,25,0,LOW
3,9.81,25,0,LOW
3,9.44,26,0,LOW
3,9.44,26,0,LOW
3,9.53,26,0,LOW
3,9.53,26,0,LOW
3,9.33,26,0,LOW
3,9.28,26,0,LOW
3,9.47,26,0,LOW
3,9.44,26,0,LOW
3,9.36,26,0,LOW
3,9.36,26,0,LOW
3,9.47,26,0,LOW
3,9.75,26,0,LOW
3,9.75,26,0,LOW
3,9.58,26,0,LOW
3,9.58,26,0,LOW
3,9.72,26,0,LOW
3,9.86,26,0,LOW
3,9.44,26,0,LOW
4,10.28,26,0,LOW
2,10.28,26,0,LOW
4,10.06,26,0,LOW
2,10.06,26,0,LOW
3,10.81,26,0,LOW
2,10.81,26,0,LOW
3,9.89,26,0,LOW
2,9.89,26,0,LOW
3,9.75,26,0,LOW
2,9.75,26,0,LOW
3,9.97,26,0,LOW
2,10.17,26,0,LOW
3,10.17,26,0,LOW
3,10.58,26,0,LOW
3,10.33,26,0,LOW
3,10.61,26,0,LOW
3,10.5,26,0,LOW
3,10.69,26,0,LOW
3,10.47,27,0,LOW
3,10.25,27,0,LOW
3,10.03,27,0,LOW
2,10.11,27,0,LOW
3,10.11,27,0,LOW
3,10.61,27,0,LOW
3,10.67,27,0,LOW
2,10.14,27,0,LOW
3,10.11,27,0,LOW
3,10.11,28,0,LOW
3,10.0,28,0,LOW
1,10.06,28,0,LOW
3,10.08,28,0,LOW
1,10.08,28,0,LOW
2,10.11,28,0,LOW
1,9.89,28,0,LOW
1,9.89,28,0,LOW
2,10.61,28,0,LOW
3,10.61,28,0,LOW
3,9.89,28,0,LOW
2,9.89,28,0,LOW
2,9.51,28,0,LOW
2,9.51,28,0,LOW
3,9.32,28,0,LOW
2,9.26,28,0,LOW
2,9.26,28,0,LOW
2,9.37,28,0,LOW
2,9.37,28,0,LOW
2,9.37,28,0,LOW
2,9.5,28,0,LOW
2,9.5,28,0,LOW
3,9.42,28,0,LOW
2,9.42,28,0,LOW
3,9.47,28,0,LOW
2,9.47,28,0,LOW
3,9.68,28,0,LOW
2,9.68,28,0,LOW
3,9.42,28,0,LOW
1,9.63,28,0,LOW
3,9.63,28,0,LOW
2,9.68,28,0,LOW
3,9.68,28,0,LOW
2,9.74,28,0,LOW
3,9.74,28,0,LOW
2,9.79,28,0,LOW
3,9.55,28,0,LOW
2,9.45,28,0,LOW
3,9.53,28,0,LOW
2,9.58,28,0,LOW
3,9.53,28,0,LOW
1,9.47,28,0,LOW
3,9.42,28,0,LOW
1,9.42,28,0,LOW
3,10.0,28,0,LOW
1,10.05,28,0,LOW
2,10.05,28,0,LOW
1,10.05,28,0,LOW
3,9.63,28,0,LOW
1,9.58,28,0,LOW
3,9.53,28,0,LOW
1,9.53,28,0,LOW
3,9.53,28,0,LOW
1,9.63,28,0,LOW
3,9.58,28,0,LOW
3,9.55,28,0,LOW
2,9.55,28,0,LOW
2,9.61,28,0,LOW
3,9.74,28,0,LOW
2,9.74,28,0,LOW
3,10.55,28,0,LOW
2,10.55,28,0,LOW
3,9.84,28,0,LOW
2,9.84,28,0,LOW
3,9.87,28,0,LOW
3,9.67,28,0,LOW
3,9.38,28,0,LOW
3,9.54,28,0,LOW
3,9.49,28,0,LOW
3,9.51,28,0,LOW
3,9.51,28,0,LOW
3,9.44,28,0,LOW
4,9.92,28,0,LOW
3,9.92,28,0,LOW
4,9.92,28,0,LOW
3,9.92,28,0,LOW
4,9.85,28,0,LOW
3,9.85,28,0,LOW
4,9.87,28,0,LOW
3,9.87,28,0,LOW
4,9.74,28,0,LOW
3,9.74,28,0,LOW
4,10.05,28,0,LOW
3,10.05,28,0,LOW
4,10.03,28,0,LOW
3,10.03,28,0,LOW
4,10.08,28,0,LOW
3,10.08,28,0,LOW
3,10.15,28,0,LOW
4,10.15,28,0,LOW
3,10.13,28,0,LOW
3,10.0,28,0,LOW
4,10.0,28,0,LOW
3,9.69,28,0,LOW
4,10.23,28,0,LOW
3,10.15,28,0,LOW
3,10.15,28,0,LOW
4,10.15,28,0,LOW
4,10.03,28,0,LOW
3,10.03,28,0,LOW
4,10.38,28,0,LOW
3,10.38,28,0,LOW
3,10.36,28,0,LOW
3,10.26,28,0,LOW
2,10.36,28,0,LOW
3,10.31,28,0,LOW
2,10.28,28,0,LOW
3,10.08,28,0,LOW
2,10.26,28,0,LOW
3,10.33,28,0,LOW
2,10.44,28,0,LOW
3,10.38,28,0,LOW
2,10.49,28,0,LOW
3,10.49,28,0,LOW
2,10.59,29,0,LOW
3,10.69,29,0,LOW
2,10.33,29,0,LOW
3,10.36,29,0,LOW
2,10.36,29,0,LOW
3,10.03,29,0,LOW
2,9.97,29,0,LOW
3,10.31,29,0,LOW
2,10.0,29,0,LOW
3,10.0,29,0,LOW
2,9.79,29,0,LOW
3,10.69,29,0,LOW
2,9.92,29,0,LOW
3,9.92,29,0,LOW
4,9.05,29,0,LOW
3,9.05,29,0,LOW
4,9.57,29,0,LOW
3,9.57,29,0,LOW
4,9.31,29,0,LOW
3,9.38,29,0,LOW
4,9.79,29,0,LOW
3,9.83,29,0,LOW
3,9.79,29,0,LOW
3,9.79,29,0,LOW
4,9.76,29,0,LOW
3,9.57,29,0,LOW
4,9.62,30,0,LOW
2,9.62,30,0,LOW
3,9.48,30,0,LOW
3,9.93,30,0,LOW
4,9.5,30,0,LOW
2,9.5,30,0,LOW
4,9.52,30,0,LOW
3,9.48,31,0,LOW
4,9.43,31,0,LOW
1,9.43,31,0,LOW
3,9.48,31,0,LOW
1,9.48,31,0,LOW
2,9.21,31,0,LOW
4,10.02,31,0,LOW
2,10.02,31,0,LOW
3,9.34,31,0,LOW
4,9.11,31,0,LOW
3,9.23,31,0,LOW
4,9.48,31,0,LOW
3,9.5,31,0,LOW
5,9.48,31,0,LOW
2,9.39,31,0,LOW
4,9.23,31,0,LOW
2,9.23,31,0,LOW
4,9.16,31,0,LOW
2,9.16,31,0,LOW
4,9.5,31,0,LOW
3,9.55,31,0,LOW
4,9.45,31,0,LOW
3,9.45,31,0,LOW
4,9.45,31,0,LOW
3,9.64,31,0,LOW
4,9.5,31,0,LOW
3,9.5,31,0,LOW
5,9.64,31,0,LOW
3,9.64,31,0,LOW
4,9.51,31,0,LOW
4,9.56,31,0,LOW
4,9.51,31,0,LOW
5,9.51,31,0,LOW
4,9.31,31,0,LOW
5,9.31,31,0,LOW
4,9.38,31,0,LOW
4,9.4,31,0,LOW
3,9.47,31,0,LOW
4,9.47,31,0,LOW
3,9.33,31,0,LOW
4,9.33,31,0,LOW
4,10.16,31,0,LOW
4,10.16,31,0,LOW
3,10.11,31,0,LOW
4,10.11,31,0,LOW
4,9.71,31,0,LOW
4,9.53,31,0,LOW
4,9.4,31,0,LOW
4,9.53,31,0,LOW
4,9.58,31,0,LOW
4,9.56,31,0,LOW
4,9.51,31,0,LOW
4,9.6,31,0,LOW
4,9.73,31,0,LOW
4,9.73,31,0,LOW
4,9.8,31,0,LOW
5,9.58,31,0,LOW
4,10.27,31,0,LOW
4,10.53,31,0,LOW
4,10.02,31,0,LOW
4,10.09,31,0,LOW
4,10.02,31,0,LOW
4,10.18,31,0,LOW
4,10.02,31,0,LOW
4,9.84,31,0,LOW
4,9.84,31,0,LOW
4,9.8,32,0,LOW
4,9.8,32,0,LOW
4,9.58,32,0,LOW
4,9.71,32,0,LOW
4,9.76,32,0,LOW
4,9.78,32,0,LOW
4,9.82,32,0,LOW
4,9.82,32,0,LOW
5,10.07,32,0,LOW
4,10.07,32,0,LOW
4,10.18,32,0,LOW
4,10.02,32,0,LOW
4,10.02,32,0,LOW
4,9.87,32,0,LOW
4,9.87,32,0,LOW
5,10.13,32,0,LOW
4,9.83,32,0,LOW
5,9.83,32,0,LOW
4,9.93,32,0,LOW
5,9.72,32,0,LOW
4,9.67,32,0,LOW
5,9.83,32,0,LOW
4,9.85,32,0,LOW
5,9.85,32,0,LOW
4,10.07,32,0,LOW
5,10.07,32,0,LOW
4,10.09,32,0,LOW
4,10.13,32,0,LOW
4,10.11,32,0,LOW
4,10.13,32,0,LOW
4,10.3,32,0,LOW
4,10.28,32,0,LOW
3,10.33,32,0,LOW
4,10.33,32,0,LOW
3,10.46,32,0,LOW
4,10.46,32,0,LOW
3,10.39,32,0,LOW
4,10.39,32,0,LOW
3,10.61,32,0,LOW
4,10.65,32,0,LOW
3,10.65,32,0,LOW
4,10.72,32,0,LOW
2,10.72,32,0,LOW
4,10.96,33,0,LOW
3,10.96,34,0,LOW
3,10.87,34,0,LOW
3,10.59,34,0,LOW
4,10.63,34,0,LOW
3,10.59,34,0,LOW
5,10.28,34,0,LOW
3,10.11,34,0,LOW
5,9.98,34,0,LOW
3,9.96,34,0,LOW
5,10.3,34,0,LOW
2,10.13,34,0,LOW
5,10.13,34,0,LOW
2,10.2,34,0,LOW
3,10.2,34,0,LOW
2,10.2,34,0,LOW
4,10.24,34,0,LOW
2,10.22,34,0,LOW
4,10.09,34,0,LOW
2,10.09,34,0,LOW
4,10.22,34,0,LOW
2,10.37,34,0,LOW
4,10.37,34,0,LOW
1,10.26,34,0,LOW
4,10.26,34,0,LOW
2,10.24,34,0,LOW
4,10.35,34,0,LOW
2,10.35,35,0,LOW
3,10.26,35,0,LOW
2,10.24,35,0,LOW
4,10.24,35,0,LOW
2,10.24,35,0,LOW
4,10.24,35,0,LOW
2,10.24,35,0,LOW
4,10.59,35,0,LOW
3,10.28,35,0,LOW
5,10.26,35,0,LOW
3,10.26,35,0,LOW
5,10.28,35,0,LOW
3,10.28,35,0,LOW
5,10.28,36,0,LOW
3,10.26,36,0,LOW
5,10.06,36,0,LOW
2,10.06,36,0,LOW
5,10.28,36,0,LOW
3,10.15,36,0,LOW
5,10.15,36,0,LOW
3,10.36,36,0,LOW
5,10.36,36,0,LOW
2,10.28,36,0,LOW
5,10.11,36,0,LOW
2,10.11,36,0,LOW
5,10.28,36,0,LOW
3,10.17,36,0,LOW
5,10.23,36,0,LOW
3,10.19,36,0,LOW
5,10.36,36,0,LOW
3,10.19,36,0,LOW
5,10.4,36,0,LOW
3,10.49,36,0,LOW
5,10.32,36,0,LOW
3,10.26,36,0,LOW
5,10.51,36,0,LOW
3,10.4,36,0,LOW
5,10.36,36,0,LOW
3,10.19,36,0,LOW
4,10.36,36,0,LOW
2,10.23,36,0,LOW
3,10.32,36,0,LOW
2,10.28,36,0,LOW
4,10.45,36,0,LOW
2,10.32,36,0,LOW
4,10.23,36,0,LOW
2,10.36,36,0,LOW
4,10.36,36,0,LOW
2,10.57,36,0,LOW
4,10.57,36,0,LOW
2,10.34,36,0,LOW
3,10.36,36,0,LOW
2,10.36,36,0,LOW
4,10.36,36,0,LOW
2,10.19,36,0,LOW
5,10.96,36,0,LOW
2,10.57,36,0,LOW
4,10.34,36,0,LOW
2,10.34,36,0,LOW
4,10.15,36,0,LOW
3,10.15,36,0,LOW
4,10.4,36,0,LOW
2,10.4,36,0,LOW
4,10.23,36,0,LOW
2,10.23,36,0,LOW
3,10.28,36,0,LOW
2,10.28,36,0,LOW
3,10.45,36,0,LOW
2,10.45,36,0,LOW
4,10.21,36,0,LOW
2,10.21,36,0,LOW
4,10.6,36,0,LOW
2,10.4,36,0,LOW
3,10.49,36,0,LOW
2,10.28,36,0,LOW
4,10.17,36,0,LOW
2,10.17,36,0,LOW
4,10.51,36,0,LOW
3,10.51,36,0,LOW
4,10.57,36,0,LOW
3,10.4,36,0,LOW
4,10.57,36,0,LOW
3,10.36,36,0,LOW
4,10.57,36,0,LOW
3,10.36,36,0,LOW
4,10.62,36,0,LOW
3,10.32,36,0,LOW
4,10.47,36,0,LOW
3,10.21,36,0,LOW
4,10.64,36,0,LOW
3,10.36,36,0,LOW
3,10.62,36,0,LOW
3,10.32,36,0,LOW
3,10.26,36,0,LOW
3,10.26,36,0,LOW
2,10.53,36,0,LOW
3,10.62,36,0,LOW
2,10.62,36,0,LOW
3,10.62,36,0,LOW
2,10.62,36,0,LOW
3,10.62,36,0,LOW
2,10.62,36,0,LOW
3,10.51,36,0,LOW
2,10.51,36,0,LOW
3,10.64,36,0,LOW
2,10.64,36,0,LOW
3,10.53,36,0,LOW
2,10.43,36,0,LOW
3,10.43,36,0,LOW
3,11.3,36,0,LOW
3,11.3,36,0,LOW
3,10.47,36,0,LOW
3,10.53,36,0,LOW
2,10.28,36,0,LOW
2,10.32,36,0,LOW
2,10.32,36,0,LOW
2,10.64,37,0,LOW
2,10.32,37,0,LOW
3,10.47,37,0,LOW
3,10.47,37,0,LOW
3,10.87,37,0,LOW
3,10.4,37,0,LOW
3,10.7,37,0,LOW
3,10.85,37,0,LOW
3,10.85,37,0,LOW
2,10.87,37,0,LOW
3,10.91,37,0,LOW
2,10.81,37,0,LOW
1,10.81,37,0,LOW
2,10.94,37,0,LOW
2,10.94,37,0,LOW
1,10.98,37,0,LOW
2,10.89,37,0,LOW
1,10.85,37,0,LOW
2,10.98,37,0,LOW
1,10.94,37,0,LOW
2,10.89,37,0,LOW
1,10.98,37,0,LOW
2,10.94,37,0,LOW
1,11.11,37,0,LOW
3,11.08,37,0,LOW
1,11.08,37,0,LOW
2,11.0,37,0,LOW
1,10.79,37,0,LOW
3,10.92,37,0,LOW
3,10.79,37,0,LOW
1,10.79,37,0,LOW
1,10.96,38,0,LOW
3,10.96,38,0,LOW
2,11.25,38,0,LOW
3,10.96,38,0,LOW
3,11.21,38,0,LOW
3,11.04,38,0,LOW
3,11.04,38,0,LOW
4,11.17,39,0,LOW
2,11.1,39,0,LOW
3,10.9,39,0,LOW
3,10.92,39,0,LOW
3,10.9,39,0,LOW
3,10.77,39,0,LOW
3,10.77,39,0,LOW
3,10.83,39,0,LOW
3,10.83,39,0,LOW
3,10.77,39,0,LOW
3,10.77,39,0,LOW
3,10.83,39,0,LOW
3,11.0,39,0,LOW
2,11.0,39,0,LOW
3,10.88,39,0,LOW
2,10.79,39,0,LOW
3,10.62,39,0,LOW
2,10.79,39,0,LOW
3,10.71,39,0,LOW
2,10.79,39,0,LOW
3,10.62,39,0,LOW
2,10.67,39,0,LOW
3,10.67,39,0,LOW
2,10.71,39,0,LOW
3,10.67,39,0,LOW
2,10.75,39,0,LOW
2,10.58,39,0,LOW
2,10.67,39,0,LOW
2,10.58,39,0,LOW
2,10.75,39,0,LOW
2,10.67,39,0,LOW
2,10.71,39,0,LOW
2,10.67,39,0,LOW
3,10.57,39,0,LOW
3,10.57,39,0,LOW
3,10.53,39,0,LOW
2,10.53,39,0,LOW
3,10.61,39,0,LOW
1,10.57,39,0,LOW
3,10.45,39,0,LOW
2,10.45,39,0,LOW
3,10.45,39,0,LOW
3,10.67,39,0,LOW
3,10.57,39,0,LOW
3,10.61,39,0,LOW
3,10.61,39,0,LOW
3,10.61,39,0,LOW
3,10.78,39,0,LOW
3,10.78,39,0,LOW
3,10.69,39,0,LOW
3,10.78,39,0,LOW
3,10.65,39,0,LOW
2,10.82,39,0,LOW
3,10.65,39,0,LOW
1,10.73,39,0,LOW
3,10.55,39,0,LOW
2,10.69,39,0,LOW
3,10.57,39,0,LOW
2,10.78,39,0,LOW
3,10.88,39,0,LOW
2,10.88,39,0,LOW
3,10.86,39,0,LOW
2,10.86,39,0,LOW
3,10.94,39,0,LOW
2,10.94,39,0,LOW
3,10.98,39,0,LOW
2,10.98,39,0,LOW
3,11.04,39,0,LOW
2,10.82,39,0,LOW
3,10.82,39,0,LOW
2,10.82,39,0,LOW
3,10.82,39,0,LOW
2,10.88,39,0,LOW
3,10.88,39,0,LOW
2,11.08,39,0,LOW
3,10.9,39,0,LOW
1,10.9,39,0,LOW
3,10.63,39,0,LOW
1,10.63,39,0,LOW
3,10.53,39,0,LOW
9,10.53,39,0,MEDIUM
3,10.55,39,0,LOW
9,10.55,39,0,MEDIUM
2,10.61,39,0,LOW
6,10.61,39,0,MEDIUM
2,10.49,39,0,LOW
9,10.49,39,0,MEDIUM
3,10.61,39,0,LOW
8,10.61,39,0,MEDIUM
3,10.61,39,0,LOW
8,10.61,39,0,MEDIUM
3,10.57,39,0,LOW
10,10.57,39,0,MEDIUM
3,10.57,39,0,LOW
10,10.57,39,0,MEDIUM
3,10.61,39,0,LOW
9,10.65,39,0,MEDIUM
3,10.65,39,0,LOW
11,10.65,39,0,MEDIUM
3,10.61,39,0,LOW
10,10.61,39,0,MEDIUM
3,10.51,39,0,LOW
8,10.53,39,0,MEDIUM
3,10.53,39,0,LOW
7,10.53,39,0,MEDIUM
3,10.57,39,0,LOW
7,10.57,39,0,MEDIUM
3,10.65,39,0,LOW
7,10.65,39,0,MEDIUM
3,10.47,39,0,LOW
8,10.47,39,0,MEDIUM
2,10.61,39,0,LOW
7,10.61,39,0,MEDIUM
4,9.63,39,0,LOW
3,9.67,39,0,LOW
3,10.04,39,0,LOW
2,10.0,39,0,LOW
2,10.07,39,0,LOW
2,10.07,39,0,LOW
5,9.34,39,0,LOW
2,9.41,39,0,LOW
2,9.66,39,0,LOW
5,9.66,39,0,LOW
3,9.53,39,0,LOW
3,9.53,39,0,LOW
6,9.53,39,0,MEDIUM
2,9.59,39,0,LOW
5,9.59,39,0,LOW
3,9.69,39,0,LOW
6,9.56,39,0,MEDIUM
2,9.36,39,0,LOW
5,9.49,39,0,LOW
2,9.49,40,0,LOW
5,9.46,40,0,LOW
3,9.53,40,0,LOW
5,9.56,40,0,LOW
3,9.42,40,0,LOW
4,9.42,40,0,LOW
3,9.46,40,0,LOW
5,9.46,40,0,LOW
3,9.46,40,0,LOW
5,9.31,41,0,LOW
4,9.29,41,0,LOW
5,9.29,41,0,LOW
4,9.34,41,0,LOW
5,9.41,41,0,LOW
4,9.36,41,0,LOW
5,9.24,41,0,LOW
3,9.29,41,0,LOW
5,9.29,41,0,LOW
3,8.93,41,0,LOW
7,8.93,41,0,MEDIUM
4,9.61,41,0,LOW
7,9.61,41,0,MEDIUM
3,9.25,41,0,LOW
7,9.25,41,0,MEDIUM
5,8.97,41,0,LOW
7,9.02,41,0,MEDIUM
5,9.02,41,0,LOW
5,8.87,41,0,LOW
7,8.87,41,0,MEDIUM
5,9.03,41,0,LOW
7,9.03,41,0,MEDIUM
5,9.16,41,0,LOW
7,9.16,41,0,MEDIUM
5,9.05,41,0,LOW
5,9.38,41,0,LOW
7,9.38,41,0,MEDIUM
7,9.0,41,0,MEDIUM
5,8.97,41,0,LOW
7,8.97,41,0,MEDIUM
7,9.03,41,0,MEDIUM
5,9.03,41,0,LOW
6,9.02,41,0,MEDIUM
5,9.02,41,0,LOW
6,9.13,41,0,MEDIUM
5,9.13,41,0,LOW
6,9.19,41,0,MEDIUM
5,8.97,41,0,LOW
6,8.97,41,0,MEDIUM
5,8.97,41,0,LOW
6,8.97,41,0,MEDIUM
5,8.98,41,0,LOW
7,8.98,41,0,MEDIUM
4,8.86,41,0,LOW
7,8.86,41,0,MEDIUM
5,8.92,41,0,LOW
6,9.02,41,0,MEDIUM
5,9.08,41,0,LOW
6,9.03,41,0,MEDIUM
5,9.06,41,0,LOW
6,9.05,41,0,MEDIUM
5,8.88,41,0,LOW
6,8.88,41,0,MEDIUM
5,9.02,41,0,LOW
6,9.06,41,0,MEDIUM
5,8.95,41,0,LOW
7,8.92,41,0,MEDIUM
6,10.47,41,0,MEDIUM
7,9.91,41,0,MEDIUM
6,10.28,41,0,MEDIUM
7,10.28,41,0,MEDIUM
5,9.59,41,0,LOW
7,9.59,41,0,MEDIUM
5,9.66,41,0,LOW
7,9.2,41,0,MEDIUM
5,9.2,41,0,LOW
7,8.98,41,0,MEDIUM
5,8.97,41,0,LOW
7,8.97,41,0,MEDIUM
8,8.71,41,0,MEDIUM
5,9.05,41,0,LOW
8,9.05,41,0,MEDIUM
5,8.88,41,0,LOW
8,8.88,41,0,MEDIUM
5,9.0,41,0,LOW
8,8.8,41,0,MEDIUM
5,8.8,41,0,LOW
8,8.95,41,0,MEDIUM
5,8.95,41,0,LOW
8,8.94,42,0,MEDIUM
5,8.94,42,0,LOW
8,8.75,42,0,MEDIUM
4,8.8,42,0,LOW
8,8.74,42,0,MEDIUM
4,8.74,42,0,LOW
9,8.85,42,0,MEDIUM
5,8.85,42,0,LOW
6,8.59,42,0,MEDIUM
9,8.79,42,0,MEDIUM
6,8.79,42,0,MEDIUM
6,8.61,42,0,MEDIUM
9,8.61,42,0,MEDIUM
6,8.39,42,0,MEDIUM
8,8.91,42,0,MEDIUM
7,8.91,42,0,MEDIUM
9,8.91,42,0,MEDIUM
7,8.91,42,0,MEDIUM
7,8.88,42,0,MEDIUM
8,8.88,42,0,MEDIUM
7,8.73,42,0,MEDIUM
8,8.65,42,0,MEDIUM
7,8.65,42,0,MEDIUM
8,8.67,42,0,MEDIUM
7,8.88,42,0,MEDIUM
8,8.88,42,0,MEDIUM
7,8.73,42,0,MEDIUM
9,8.73,42,0,MEDIUM
5,8.83,42,0,LOW
7,8.76,42,0,MEDIUM
8,8.76,42,0,MEDIUM
5,8.89,42,0,LOW
8,8.89,42,0,MEDIUM
5,8.85,42,0,LOW
7,8.85,42,0,MEDIUM
5,8.98,42,0,LOW
8,8.92,42,0,MEDIUM
5,8.92,42,0,LOW
6,8.79,42,0,MEDIUM
7,8.79,42,0,MEDIUM
5,8.97,42,0,LOW
8,9.02,42,0,MEDIUM
7,9.06,42,0,MEDIUM
8,9.09,42,0,MEDIUM
6,8.91,42,0,MEDIUM
8,8.82,42,0,MEDIUM
6,8.88,42,0,MEDIUM
8,8.91,42,0,MEDIUM
6,8.91,42,0,MEDIUM
8,8.88,42,0,MEDIUM
5,8.88,42,0,LOW
8,8.8,42,0,MEDIUM
6,8.8,42,0,MEDIUM
8,8.89,42,0,MEDIUM
6,8.85,43,0,MEDIUM
8,8.76,43,0,MEDIUM
6,8.76,43,0,MEDIUM
8,8.73,43,0,MEDIUM
6,8.8,43,0,MEDIUM
8,8.82,43,0,MEDIUM
6,8.82,43,0,MEDIUM
8,8.61,43,0,MEDIUM
6,8.61,43,0,MEDIUM
8,8.58,43,0,MEDIUM
6,8.86,43,0,MEDIUM
7,8.86,43,0,MEDIUM
6,8.85,43,0,MEDIUM
7,8.59,43,0,MEDIUM
6,8.59,43,0,MEDIUM
7,8.49,43,0,MEDIUM
7,8.69,43,0,MEDIUM
7,8.69,43,0,MEDIUM
7,8.58,43,0,MEDIUM
7,8.78,43,0,MEDIUM
7,8.78,43,0,MEDIUM
6,8.97,43,0,MEDIUM
7,8.97,43,0,MEDIUM
7,8.88,43,0,MEDIUM
7,8.6,43,0,MEDIUM
8,8.88,43,0,MEDIUM
7,8.87,43,0,MEDIUM
8,8.93,43,0,MEDIUM
7,8.96,43,0,MEDIUM
8,8.87,43,0,MEDIUM
6,8.87,43,0,MEDIUM
7,0.0,0,0,MEDIUM
7,0.0,0,0,MEDIUM
7,3.86,0,0,MEDIUM
7,1.0,0,0,MEDIUM
7,3.5,0,0,MEDIUM
7,3.5,0,0,MEDIUM
7,4.62,0,0,MEDIUM
7,4.5,0,0,MEDIUM
7,1.75,0,0,MEDIUM
7,3.5,0,0,MEDIUM
8,3.78,0,0,MEDIUM
8,3.33,0,0,MEDIUM
8,1.78,0,0,MEDIUM
8,3.22,0,0,MEDIUM
8,1.67,0,0,MEDIUM
8,3.11,0,0,MEDIUM
8,1.44,0,0,MEDIUM
8,4.44,0,0,MEDIUM
7,1.56,0,0,MEDIUM
8,4.44,0,0,MEDIUM
7,2.22,0,0,MEDIUM
5,3.22,0,0,LOW
5,1.89,0,0,LOW
6,4.56,1,0,MEDIUM
7,1.7,1,0,MEDIUM
6,3.4,1,0,MEDIUM
6,1.6,1,0,MEDIUM
6,3.4,1,0,MEDIUM
6,1.6,1,0,MEDIUM
6,4.1,1,0,MEDIUM
6,1.8,1,0,MEDIUM
6,3.0,1,0,MEDIUM
7,1.27,1,0,MEDIUM
6,3.09,1,0,MEDIUM
7,1.45,1,0,MEDIUM
6,3.64,1,0,MEDIUM
6,2.09,1,0,MEDIUM
5,2.45,1,0,LOW
6,1.75,1,0,MEDIUM
6,2.08,1,0,MEDIUM
6,1.42,1,0,MEDIUM
5,2.25,1,0,LOW
5,1.25,1,0,LOW
5,2.08,1,0,LOW
6,1.58,1,0,MEDIUM
5,2.25,1,0,LOW
5,1.58,1,0,LOW
6,2.75,1,0,MEDIUM
7,1.46,1,0,MEDIUM
7,2.08,1,0,MEDIUM
7,1.46,1,0,MEDIUM
7,2.23,1,0,MEDIUM
7,1.31,1,0,MEDIUM
6,2.54,1,0,MEDIUM
7,1.46,1,0,MEDIUM
7,2.31,1,0,MEDIUM
7,3.08,1,0,MEDIUM
7,2.54,1,0,MEDIUM
7,3.46,1,0,MEDIUM
7,1.92,1,0,MEDIUM
7,2.69,1,0,MEDIUM
5,3.23,1,0,LOW
5,3.77,1,0,LOW
7,0.0,0,0,MEDIUM
7,0.0,0,0,MEDIUM
7,3.86,0,0,MEDIUM
7,1.0,0,0,MEDIUM
7,3.5,0,0,MEDIUM
7,3.5,0,0,MEDIUM
7,4.62,0,0,MEDIUM
7,4.5,0,0,MEDIUM
7,1.75,0,0,MEDIUM
7,3.5,0,0,MEDIUM
8,3.78,0,0,MEDIUM
8,3.33,0,0,MEDIUM
8,1.78,0,0,MEDIUM
8,3.22,0,0,MEDIUM
8,1.67,0,0,MEDIUM
8,3.11,0,0,MEDIUM
8,1.44,0,0,MEDIUM
8,4.44,0,0,MEDIUM
7,1.56,0,0,MEDIUM
8,4.44,0,0,MEDIUM
7,2.22,0,0,MEDIUM
5,3.22,0,0,LOW
5,1.89,0,0,LOW
6,4.56,1,0,MEDIUM
7,1.7,1,0,MEDIUM
6,3.4,1,0,MEDIUM
6,1.6,1,0,MEDIUM
6,3.4,1,0,MEDIUM
6,1.6,1,0,MEDIUM
6,4.1,1,0,MEDIUM
6,1.8,1,0,MEDIUM
6,3.0,1,0,MEDIUM
7,1.27,1,0,MEDIUM
6,3.09,1,0,MEDIUM
7,1.45,1,0,MEDIUM
6,3.64,1,0,MEDIUM
6,2.09,1,0,MEDIUM
5,2.45,1,0,LOW
6,1.75,1,0,MEDIUM
6,2.08,1,0,MEDIUM
6,1.42,1,0,MEDIUM
5,2.25,1,0,LOW
5,1.25,1,0,LOW
5,2.08,1,0,LOW
6,1.58,1,0,MEDIUM
5,2.25,1,0,LOW
5,1.58,1,0,LOW
6,2.75,1,0,MEDIUM
7,1.46,1,0,MEDIUM
7,2.08,1,0,MEDIUM
7,1.46,1,0,MEDIUM
7,2.23,1,0,MEDIUM
7,1.31,1,0,MEDIUM
6,2.54,1,0,MEDIUM
7,1.46,1,0,MEDIUM
7,2.31,1,0,MEDIUM
7,3.08,1,0,MEDIUM
7,2.54,1,0,MEDIUM
7,3.46,1,0,MEDIUM
7,1.92,1,0,MEDIUM
7,2.69,1,0,MEDIUM
5,3.23,1,0,LOW
5,3.77,1,0,LOW
7,3.77,1,0,MEDIUM
6,3.77,1,0,MEDIUM
8,3.07,1,0,MEDIUM
7,3.64,1,0,MEDIUM
7,3.86,1,0,MEDIUM
6,3.36,1,0,MEDIUM
8,3.79,1,0,MEDIUM
8,3.64,1,0,MEDIUM
8,4.07,1,0,MEDIUM
8,4.5,2,0,MEDIUM
8,3.79,2,0,MEDIUM
8,3.64,2,0,MEDIUM
8,3.07,2,0,MEDIUM
8,4.14,2,0,MEDIUM
8,4.21,2,0,MEDIUM
9,3.53,2,0,MEDIUM
9,3.27,2,0,MEDIUM
8,3.4,2,0,MEDIUM
8,3.53,2,0,MEDIUM
8,3.8,2,0,MEDIUM
8,3.87,2,0,MEDIUM
8,4.07,2,0,MEDIUM
8,3.8,2,0,MEDIUM
8,4.8,2,0,MEDIUM
8,4.4,2,0,MEDIUM
7,5.07,2,0,MEDIUM
7,4.93,2,0,MEDIUM
7,2.6,2,0,MEDIUM
7,4.4,2,0,MEDIUM
8,4.4,2,0,MEDIUM
7,5.53,2,0,MEDIUM
6,4.93,2,0,MEDIUM
6,5.27,2,0,MEDIUM
6,5.8,2,0,MEDIUM
5,5.0,3,0,LOW
5,4.8,3,0,LOW
5,4.93,3,0,LOW
5,5.53,3,0,LOW
6,6.33,3,0,MEDIUM
6,5.73,3,0,MEDIUM
6,5.87,3,0,MEDIUM
6,4.69,3,0,MEDIUM
5,4.81,3,0,LOW
6,4.82,3,0,MEDIUM
7,5.82,3,0,MEDIUM
6,5.53,3,0,MEDIUM
6,5.65,3,0,MEDIUM
7,5.53,3,0,MEDIUM
6,5.41,3,0,MEDIUM
6,4.88,4,0,MEDIUM
6,4.59,4,0,MEDIUM
6,4.53,5,0,MEDIUM
7,4.44,5,0,MEDIUM
8,4.63,5,0,MEDIUM
7,4.42,5,0,MEDIUM
9,3.95,5,0,MEDIUM
8,4.63,5,0,MEDIUM
8,4.58,5,0,MEDIUM
6,4.47,5,0,MEDIUM
6,5.53,5,0,MEDIUM
6,5.16,5,0,MEDIUM
6,5.89,5,0,MEDIUM
6,5.11,5,0,MEDIUM
6,4.63,5,0,MEDIUM
6,5.26,5,0,MEDIUM
7,5.05,5,0,MEDIUM
6,4.95,5,0,MEDIUM
6,5.32,5,0,MEDIUM
6,5.37,5,0,MEDIUM
7,4.75,5,0,MEDIUM
7,5.05,5,0,MEDIUM
9,4.71,5,0,MEDIUM
9,4.86,5,0,MEDIUM
8,4.52,5,0,MEDIUM
8,5.14,5,0,MEDIUM
8,4.81,5,0,MEDIUM
8,5.0,5,0,MEDIUM
8,5.33,5,0,MEDIUM
8,5.1,5,0,MEDIUM
8,5.33,5,0,MEDIUM
9,5.29,5,0,MEDIUM
8,5.05,5,0,MEDIUM
8,5.57,5,0,MEDIUM
8,5.38,5,0,MEDIUM
8,5.19,5,0,MEDIUM
7,5.76,5,0,MEDIUM
7,6.14,5,0,MEDIUM
6,6.05,5,0,MEDIUM
7,5.76,5,0,MEDIUM
8,6.29,5,0,MEDIUM
8,6.62,5,0,MEDIUM
8,6.14,5,0,MEDIUM
8,6.05,5,0,MEDIUM
9,6.52,5,0,MEDIUM
9,6.57,5,0,MEDIUM
9,6.62,5,0,MEDIUM
8,6.95,6,0,MEDIUM
8,8.0,6,0,MEDIUM
8,6.52,6,0,MEDIUM
8,6.52,6,0,MEDIUM
8,5.71,7,0,MEDIUM
8,6.52,8,0,MEDIUM
7,0.0,0,0,MEDIUM
7,0.0,0,0,MEDIUM
7,3.86,0,0,MEDIUM
7,1.0,0,0,MEDIUM
7,3.5,0,0,MEDIUM
7,3.5,0,0,MEDIUM
7,4.62,0,0,MEDIUM
7,4.5,0,0,MEDIUM
7,1.75,0,0,MEDIUM
7,3.5,0,0,MEDIUM
8,3.78,0,0,MEDIUM
8,3.33,0,0,MEDIUM
8,1.78,0,0,MEDIUM
8,3.22,0,0,MEDIUM
8,1.67,0,0,MEDIUM
8,3.11,0,0,MEDIUM
8,1.44,0,0,MEDIUM
8,4.44,0,0,MEDIUM
7,1.56,0,0,MEDIUM
8,4.44,0,0,MEDIUM
7,2.22,0,0,MEDIUM
5,3.22,0,0,LOW
5,1.89,0,0,LOW
6,4.56,1,0,MEDIUM
7,1.7,1,0,MEDIUM
6,3.4,1,0,MEDIUM
6,1.6,1,0,MEDIUM
6,3.4,1,0,MEDIUM
6,1.6,1,0,MEDIUM
6,4.1,1,0,MEDIUM
6,1.8,1,0,MEDIUM
6,3.0,1,0,MEDIUM
7,1.27,1,0,MEDIUM
6,3.09,1,0,MEDIUM
7,1.45,1,0,MEDIUM
6,3.64,1,0,MEDIUM
6,2.09,1,0,MEDIUM
5,2.45,1,0,LOW
6,1.75,1,0,MEDIUM
6,3.25,1,0,MEDIUM
2,3.25,1,0,LOW
6,5.08,1,0,MEDIUM
2,4.5,1,0,LOW
5,3.0,1,0,LOW
2,3.0,1,0,LOW
5,1.75,1,0,LOW
2,1.42,1,0,LOW
5,2.25,1,0,LOW
2,2.42,1,0,LOW
6,2.08,1,0,MEDIUM
2,2.25,1,0,LOW
5,2.75,1,0,LOW
2,2.58,1,0,LOW
5,1.92,1,0,LOW
2,1.92,1,0,LOW
6,3.25,1,0,MEDIUM
2,3.08,1,0,LOW
6,1.58,1,0,MEDIUM
2,1.58,1,0,LOW
6,2.67,1,0,MEDIUM
2,2.67,1,0,LOW
6,1.92,1,0,MEDIUM
2,1.92,1,0,LOW
6,2.75,1,0,MEDIUM
2,2.58,1,0,LOW
6,1.75,1,0,MEDIUM
2,1.75,1,0,LOW
5,3.08,1,0,LOW
2,2.75,1,0,LOW
6,1.25,1,0,MEDIUM
2,2.92,1,0,LOW
6,2.92,1,0,MEDIUM
2,2.58,1,0,LOW
6,4.08,1,0,MEDIUM
2,4.08,1,0,LOW
6,2.92,1,0,MEDIUM
2,2.92,1,0,LOW
6,4.08,1,0,MEDIUM
2,4.08,1,0,LOW
6,2.25,1,0,MEDIUM
2,2.25,1,0,LOW
6,2.83,1,0,MEDIUM
1,3.0,1,0,LOW
5,3.67,1,0,LOW
1,3.5,1,0,LOW
5,3.92,1,0,LOW
1,4.08,1,0,LOW
6,4.0,1,0,MEDIUM
1,3.83,1,0,LOW
5,3.92,1,0,LOW
1,4.42,1,0,LOW
6,4.67,1,0,MEDIUM
1,4.17,1,0,LOW
5,3.92,1,0,LOW
2,5.75,1,0,LOW
5,5.83,1,0,LOW
2,5.75,1,0,LOW
5,5.42,1,0,LOW
2,5.42,1,0,LOW
6,5.0,1,0,MEDIUM
2,4.58,1,0,LOW
6,5.25,1,0,MEDIUM
2,5.92,1,0,LOW
6,5.92,1,0,MEDIUM
6,5.33,2,0,MEDIUM
2,5.33,1,0,LOW
8,3.14,2,0,MEDIUM
2,4.86,2,0,LOW
7,5.07,2,0,MEDIUM
4,5.5,2,0,LOW
8,5.5,2,0,MEDIUM
3,7.43,2,0,LOW
8,6.86,2,0,MEDIUM
3,5.71,2,0,LOW
8,5.71,2,0,MEDIUM
2,6.29,2,0,LOW
8,4.43,2,0,MEDIUM
2,4.43,2,0,LOW
8,4.79,2,0,MEDIUM
3,4.79,2,0,LOW
7,4.5,2,0,MEDIUM
3,4.5,2,0,LOW
7,4.21,2,0,MEDIUM
2,4.93,2,0,LOW
7,5.21,2,0,MEDIUM
2,4.79,2,0,LOW
7,4.86,2,0,MEDIUM
8,3.73,2,0,MEDIUM
8,3.67,2,0,MEDIUM
8,4.53,2,0,MEDIUM
8,4.53,2,0,MEDIUM
7,5.2,2,0,MEDIUM
7,4.67,2,0,MEDIUM
2,5.2,2,0,LOW
7,3.93,2,0,MEDIUM
3,5.0,2,0,LOW
7,5.0,2,0,MEDIUM
8,4.67,2,0,MEDIUM
2,4.67,2,0,LOW
7,6.13,2,0,MEDIUM
3,5.13,2,0,LOW
6,5.87,2,0,MEDIUM
4,5.87,2,0,LOW
6,5.53,2,0,MEDIUM
4,5.53,2,0,LOW
7,6.47,2,0,MEDIUM
4,7.13,2,0,LOW
5,6.2,3,0,LOW
4,5.87,3,0,LOW
5,6.2,3,0,LOW
4,6.2,3,0,LOW
4,5.67,3,0,LOW
4,5.67,3,0,LOW
4,6.27,3,0,LOW
3,6.53,3,0,LOW
5,7.07,3,0,LOW
5,5.93,3,0,LOW
4,5.93,3,0,LOW
4,7.47,3,0,LOW
6,7.47,3,0,MEDIUM
4,6.53,3,0,LOW
5,6.53,3,0,LOW
4,6.6,3,0,LOW
5,7.93,3,0,LOW
4,7.93,3,0,LOW
5,7.0,3,0,LOW
4,7.0,3,0,LOW
6,7.07,3,0,MEDIUM
4,7.07,3,0,LOW
7,0.0,0,0,MEDIUM
7,0.0,0,0,MEDIUM
7,3.86,0,0,MEDIUM
7,1.0,0,0,MEDIUM
7,3.5,0,0,MEDIUM
7,3.5,0,0,MEDIUM
7,4.62,0,0,MEDIUM
7,4.5,0,0,MEDIUM
7,1.75,0,0,MEDIUM
7,3.5,0,0,MEDIUM
8,3.78,0,0,MEDIUM
8,3.33,0,0,MEDIUM
8,1.78,0,0,MEDIUM
8,3.22,0,0,MEDIUM
8,1.67,0,0,MEDIUM
8,3.11,0,0,MEDIUM
8,1.44,0,0,MEDIUM
8,4.44,0,0,MEDIUM
7,1.56,0,0,MEDIUM
8,4.44,0,0,MEDIUM
7,2.22,0,0,MEDIUM
5,3.22,0,0,LOW
5,1.89,0,0,LOW
6,4.56,1,0,MEDIUM
7,1.7,1,0,MEDIUM
6,3.4,1,0,MEDIUM
6,1.6,1,0,MEDIUM
6,3.4,1,0,MEDIUM
6,1.6,1,0,MEDIUM
6,4.1,1,0,MEDIUM
6,1.8,1,0,MEDIUM
6,3.0,1,0,MEDIUM
7,1.27,1,0,MEDIUM
6,3.09,1,0,MEDIUM
7,1.45,1,0,MEDIUM
6,3.64,1,0,MEDIUM
6,2.09,1,0,MEDIUM
5,2.45,1,0,LOW
6,1.75,1,0,MEDIUM
6,2.08,1,0,MEDIUM
6,1.42,1,0,MEDIUM
5,2.25,1,0,LOW
5,1.25,1,0,LOW
5,2.08,1,0,LOW
6,1.58,1,0,MEDIUM
5,2.25,1,0,LOW
5,1.58,1,0,LOW
6,2.75,1,0,MEDIUM
7,1.46,1,0,MEDIUM
7,2.08,1,0,MEDIUM
7,1.46,1,0,MEDIUM
7,2.23,1,0,MEDIUM
7,1.31,1,0,MEDIUM
6,2.54,1,0,MEDIUM
7,1.46,1,0,MEDIUM
7,2.31,1,0,MEDIUM
7,3.08,1,0,MEDIUM
7,2.54,1,0,MEDIUM
7,3.46,1,0,MEDIUM
7,1.92,1,0,MEDIUM
7,2.69,1,0,MEDIUM
5,3.23,1,0,LOW
5,3.77,1,0,LOW
7,3.77,1,0,MEDIUM
6,3.77,1,0,MEDIUM
8,3.07,1,0,MEDIUM
7,3.64,1,0,MEDIUM
7,3.86,1,0,MEDIUM
6,3.36,1,0,MEDIUM
8,3.79,1,0,MEDIUM
8,3.64,1,0,MEDIUM
8,4.07,1,0,MEDIUM
8,4.5,2,0,MEDIUM
8,3.79,2,0,MEDIUM
8,3.64,2,0,MEDIUM
8,3.07,2,0,MEDIUM
8,4.14,2,0,MEDIUM
8,4.21,2,0,MEDIUM
9,3.53,2,0,MEDIUM
9,3.27,2,0,MEDIUM
8,3.4,2,0,MEDIUM
8,3.53,2,0,MEDIUM
8,3.8,2,0,MEDIUM
8,3.87,2,0,MEDIUM
8,4.07,2,0,MEDIUM
8,3.8,2,0,MEDIUM
8,4.8,2,0,MEDIUM
8,4.4,2,0,MEDIUM
7,5.07,2,0,MEDIUM
7,4.93,2,0,MEDIUM
7,2.6,2,0,MEDIUM
7,4.4,2,0,MEDIUM
8,4.4,2,0,MEDIUM
7,5.53,2,0,MEDIUM
6,4.93,2,0,MEDIUM
6,5.27,2,0,MEDIUM
6,5.8,2,0,MEDIUM
5,5.0,3,0,LOW
5,4.8,3,0,LOW
5,4.93,3,0,LOW
5,5.53,3,0,LOW
6,6.33,3,0,MEDIUM
6,5.73,3,0,MEDIUM
6,5.87,3,0,MEDIUM
6,4.69,3,0,MEDIUM
5,4.81,3,0,LOW
6,4.82,3,0,MEDIUM
7,5.82,3,0,MEDIUM
6,5.53,3,0,MEDIUM
6,5.65,3,0,MEDIUM
7,5.53,3,0,MEDIUM
6,5.41,3,0,MEDIUM
6,4.88,4,0,MEDIUM
6,4.59,4,0,MEDIUM
6,4.53,5,0,MEDIUM
7,4.44,5,0,MEDIUM
8,4.63,5,0,MEDIUM
7,4.42,5,0,MEDIUM
9,3.95,5,0,MEDIUM
8,4.63,5,0,MEDIUM
8,4.58,5,0,MEDIUM
6,4.47,5,0,MEDIUM
6,5.53,5,0,MEDIUM
6,5.16,5,0,MEDIUM
6,5.89,5,0,MEDIUM
6,5.11,5,0,MEDIUM
6,4.63,5,0,MEDIUM
6,5.26,5,0,MEDIUM
7,5.05,5,0,MEDIUM
6,4.95,5,0,MEDIUM
6,5.32,5,0,MEDIUM
6,5.37,5,0,MEDIUM
7,4.75,5,0,MEDIUM
7,5.05,5,0,MEDIUM
9,4.71,5,0,MEDIUM
9,4.86,5,0,MEDIUM
8,4.52,5,0,MEDIUM
8,5.14,5,0,MEDIUM
8,4.81,5,0,MEDIUM
8,5.0,5,0,MEDIUM
8,5.33,5,0,MEDIUM
8,5.1,5,0,MEDIUM
8,5.33,5,0,MEDIUM
9,5.29,5,0,MEDIUM
8,5.05,5,0,MEDIUM
8,5.57,5,0,MEDIUM
8,5.38,5,0,MEDIUM
8,5.19,5,0,MEDIUM
7,5.76,5,0,MEDIUM
7,6.14,5,0,MEDIUM
6,6.05,5,0,MEDIUM
7,5.76,5,0,MEDIUM
8,6.29,5,0,MEDIUM
8,6.62,5,0,MEDIUM
8,6.14,5,0,MEDIUM
8,6.05,5,0,MEDIUM
9,6.52,5,0,MEDIUM
9,6.57,5,0,MEDIUM
9,6.62,5,0,MEDIUM
8,6.95,6,0,MEDIUM
8,8.0,6,0,MEDIUM
8,6.52,6,0,MEDIUM
8,6.52,6,0,MEDIUM
8,5.71,7,0,MEDIUM
8,6.52,8,0,MEDIUM
8,5.86,8,0,MEDIUM
7,5.71,8,0,MEDIUM
7,5.9,8,0,MEDIUM
8,5.95,8,0,MEDIUM
7,5.86,8,0,MEDIUM
9,5.82,8,0,MEDIUM
8,6.0,8,0,MEDIUM
8,6.23,8,0,MEDIUM
7,6.09,8,0,MEDIUM
7,5.82,8,0,MEDIUM
6,5.86,8,0,MEDIUM
6,6.55,8,0,MEDIUM
5,6.36,8,0,LOW
5,6.45,8,0,LOW
6,5.91,8,0,MEDIUM
6,6.18,8,0,MEDIUM
5,6.55,8,0,LOW
5,6.27,8,0,LOW
5,6.55,8,0,LOW
5,6.68,8,0,LOW
5,6.77,8,0,LOW
5,6.91,8,0,LOW
5,6.86,9,0,LOW
5,6.14,9,0,LOW
5,6.41,9,0,LOW
5,6.18,9,0,LOW
5,6.77,9,0,LOW
5,7.0,9,0,LOW
5,6.64,9,0,LOW
5,6.32,9,0,LOW
5,6.68,9,0,LOW
4,6.77,9,0,LOW
4,7.05,9,0,LOW
4,6.77,9,0,LOW
4,6.91,9,0,LOW
4,7.41,9,0,LOW
4,6.82,9,0,LOW
5,6.39,10,0,LOW
5,6.65,10,0,LOW
5,6.48,10,0,LOW
5,6.43,10,0,LOW
5,6.57,10,0,LOW
5,6.65,10,0,LOW
6,6.78,10,0,MEDIUM
6,7.17,10,0,MEDIUM
6,7.04,10,0,MEDIUM
5,6.78,10,0,LOW
5,6.39,11,0,LOW
5,6.61,11,0,LOW
4,6.65,11,0,LOW
5,6.7,11,0,LOW
5,6.74,11,0,LOW
4,6.7,11,0,LOW
4,6.61,11,0,LOW
4,6.61,11,0,LOW
4,6.7,11,0,LOW
4,6.78,11,0,LOW
3,6.65,11,0,LOW
3,6.87,11,0,LOW
3,6.91,11,0,LOW
3,7.0,11,0,LOW
3,6.91,11,0,LOW
3,6.91,11,0,LOW
3,7.17,11,0,LOW
3,7.13,11,0,LOW
3,7.13,11,0,LOW
3,7.13,11,0,LOW
3,7.35,11,0,LOW
3,7.3,11,0,LOW
3,7.09,11,0,LOW
3,6.87,12,0,LOW
3,6.83,12,0,LOW
3,7.04,12,0,LOW
3,7.09,12,0,LOW
3,7.0,12,0,LOW
3,7.13,12,0,LOW
3,7.09,12,0,LOW
3,7.26,12,0,LOW
3,6.91,12,0,LOW
2,7.0,12,0,LOW
2,7.0,12,0,LOW
2,7.0,12,0,LOW
2,6.91,12,0,LOW
3,7.17,12,0,LOW
3,7.17,12,0,LOW
2,7.17,12,0,LOW
2,7.09,12,0,LOW
3,7.04,12,0,LOW
4,6.84,12,0,LOW
4,6.8,12,0,LOW
4,6.84,12,0,LOW
4,6.92,12,0,LOW
4,6.72,12,0,LOW
4,7.0,12,0,LOW
4,7.08,12,0,LOW
4,6.84,12,0,LOW
4,7.16,12,0,LOW
4,7.4,12,0,LOW
4,7.24,12,0,LOW
4,7.12,13,0,LOW
4,6.88,13,0,LOW
4,6.76,13,0,LOW
4,7.0,13,0,LOW
4,6.92,13,0,LOW
4,7.0,13,0,LOW
4,7.2,13,0,LOW
4,6.96,13,0,LOW
4,7.12,13,0,LOW
4,7.08,13,0,LOW
4,7.32,13,0,LOW
3,7.12,13,0,LOW
3,7.28,13,0,LOW
3,7.24,13,0,LOW
3,7.44,13,0,LOW
3,7.32,13,0,LOW
3,7.56,13,0,LOW
3,7.64,13,0,LOW
3,7.32,14,0,LOW
3,7.08,14,0,LOW
3,7.0,14,0,LOW
3,7.16,14,0,LOW
3,7.04,14,0,LOW
3,7.2,14,0,LOW
3,7.32,14,0,LOW
3,7.16,14,0,LOW
2,7.32,14,0,LOW
1,7.24,14,0,LOW
1,7.24,14,0,LOW
2,7.24,14,0,LOW
2,7.16,14,0,LOW
3,6.88,14,0,LOW
3,6.96,14,0,LOW
3,7.08,14,0,LOW
3,6.96,14,0,LOW
3,7.12,14,0,LOW
3,6.96,14,0,LOW
2,6.88,14,0,LOW
3,7.12,14,0,LOW
3,7.27,14,0,LOW
7,0.0,0,0,MEDIUM
7,0.0,0,0,MEDIUM
7,3.86,0,0,MEDIUM
7,1.0,0,0,MEDIUM
7,3.5,0,0,MEDIUM
7,3.5,0,0,MEDIUM
7,4.62,0,0,MEDIUM
7,4.5,0,0,MEDIUM
7,1.75,0,0,MEDIUM
7,3.5,0,0,MEDIUM
8,3.78,0,0,MEDIUM
8,3.33,0,0,MEDIUM
8,1.78,0,0,MEDIUM
8,3.22,0,0,MEDIUM
8,1.67,0,0,MEDIUM
8,3.11,0,0,MEDIUM
8,1.44,0,0,MEDIUM
8,4.44,0,0,MEDIUM
7,1.56,0,0,MEDIUM
8,4.44,0,0,MEDIUM
7,2.22,0,0,MEDIUM
5,3.22,0,0,LOW
5,1.89,0,0,LOW
6,4.56,1,0,MEDIUM
7,1.7,1,0,MEDIUM
6,3.4,1,0,MEDIUM
6,1.6,1,0,MEDIUM
6,3.4,1,0,MEDIUM
6,1.6,1,0,MEDIUM
6,4.1,1,0,MEDIUM
6,1.8,1,0,MEDIUM
6,3.0,1,0,MEDIUM
7,1.27,1,0,MEDIUM
6,3.09,1,0,MEDIUM
7,1.45,1,0,MEDIUM
6,3.64,1,0,MEDIUM
6,2.09,1,0,MEDIUM
5,2.45,1,0,LOW
6,1.75,1,0,MEDIUM
6,2.08,1,0,MEDIUM
6,1.42,1,0,MEDIUM
5,2.25,1,0,LOW
5,1.25,1,0,LOW
5,2.08,1,0,LOW
6,1.58,1,0,MEDIUM
5,2.25,1,0,LOW
5,1.58,1,0,LOW
6,2.75,1,0,MEDIUM
7,1.46,1,0,MEDIUM
7,2.08,1,0,MEDIUM
7,1.46,1,0,MEDIUM
7,2.23,1,0,MEDIUM
7,1.31,1,0,MEDIUM
6,2.54,1,0,MEDIUM
7,1.46,1,0,MEDIUM
7,2.31,1,0,MEDIUM
7,3.08,1,0,MEDIUM
7,2.54,1,0,MEDIUM
7,3.46,1,0,MEDIUM
7,1.92,1,0,MEDIUM
7,2.69,1,0,MEDIUM
5,3.23,1,0,LOW
5,3.77,1,0,LOW
7,3.77,1,0,MEDIUM
6,3.77,1,0,MEDIUM
8,3.07,1,0,MEDIUM
7,3.64,1,0,MEDIUM
7,3.86,1,0,MEDIUM
6,3.36,1,0,MEDIUM
8,3.79,1,0,MEDIUM
8,3.64,1,0,MEDIUM
8,4.07,1,0,MEDIUM
8,4.5,2,0,MEDIUM
8,3.79,2,0,MEDIUM
8,3.64,2,0,MEDIUM
8,3.07,2,0,MEDIUM
8,4.14,2,0,MEDIUM
8,4.21,2,0,MEDIUM
9,3.53,2,0,MEDIUM
9,3.27,2,0,MEDIUM
8,3.4,2,0,MEDIUM
8,3.53,2,0,MEDIUM
8,3.8,2,0,MEDIUM
8,3.87,2,0,MEDIUM
8,4.07,2,0,MEDIUM
8,3.8,2,0,MEDIUM
8,4.8,2,0,MEDIUM
8,4.4,2,0,MEDIUM
7,5.07,2,0,MEDIUM
7,4.93,2,0,MEDIUM
7,2.6,2,0,MEDIUM
7,4.4,2,0,MEDIUM
8,4.4,2,0,MEDIUM
7,5.53,2,0,MEDIUM
6,4.93,2,0,MEDIUM
6,5.27,2,0,MEDIUM
6,5.8,2,0,MEDIUM
5,5.0,3,0,LOW
5,4.8,3,0,LOW
5,4.93,3,0,LOW
5,5.53,3,0,LOW
6,6.33,3,0,MEDIUM
6,5.73,3,0,MEDIUM
6,5.87,3,0,MEDIUM
6,4.69,3,0,MEDIUM
5,4.81,3,0,LOW
6,4.82,3,0,MEDIUM
7,5.82,3,0,MEDIUM
6,5.53,3,0,MEDIUM
6,5.65,3,0,MEDIUM
7,5.53,3,0,MEDIUM
6,5.41,3,0,MEDIUM
6,4.88,4,0,MEDIUM
6,4.59,4,0,MEDIUM
6,4.53,5,0,MEDIUM
7,4.44,5,0,MEDIUM
8,4.63,5,0,MEDIUM
7,4.42,5,0,MEDIUM
9,3.95,5,0,MEDIUM
8,4.63,5,0,MEDIUM
8,4.58,5,0,MEDIUM
6,4.47,5,0,MEDIUM
6,5.53,5,0,MEDIUM
6,5.16,5,0,MEDIUM
6,5.89,5,0,MEDIUM
6,5.11,5,0,MEDIUM
6,4.63,5,0,MEDIUM
6,5.26,5,0,MEDIUM
7,5.05,5,0,MEDIUM
6,4.95,5,0,MEDIUM
6,5.32,5,0,MEDIUM
6,5.37,5,0,MEDIUM
7,4.75,5,0,MEDIUM
7,5.05,5,0,MEDIUM
9,4.71,5,0,MEDIUM
9,4.86,5,0,MEDIUM
8,4.52,5,0,MEDIUM
8,5.14,5,0,MEDIUM
8,4.81,5,0,MEDIUM
8,5.0,5,0,MEDIUM
8,5.33,5,0,MEDIUM
8,5.1,5,0,MEDIUM
8,5.33,5,0,MEDIUM
9,5.29,5,0,MEDIUM
8,5.05,5,0,MEDIUM
8,5.57,5,0,MEDIUM
8,5.38,5,0,MEDIUM
8,5.19,5,0,MEDIUM
7,5.76,5,0,MEDIUM
7,6.14,5,0,MEDIUM
6,6.05,5,0,MEDIUM
7,5.76,5,0,MEDIUM
8,6.29,5,0,MEDIUM
8,6.62,5,0,MEDIUM
8,6.14,5,0,MEDIUM
8,6.05,5,0,MEDIUM
9,6.52,5,0,MEDIUM
9,6.57,5,0,MEDIUM
9,6.62,5,0,MEDIUM
8,6.95,6,0,MEDIUM
8,8.0,6,0,MEDIUM
8,6.52,6,0,MEDIUM
8,6.52,6,0,MEDIUM
8,5.71,7,0,MEDIUM
8,6.52,8,0,MEDIUM
8,5.86,8,0,MEDIUM
7,5.71,8,0,MEDIUM
7,5.9,8,0,MEDIUM
8,5.95,8,0,MEDIUM
7,5.86,8,0,MEDIUM
9,5.82,8,0,MEDIUM
8,6.0,8,0,MEDIUM
8,6.23,8,0,MEDIUM
7,6.09,8,0,MEDIUM
7,5.82,8,0,MEDIUM
6,5.86,8,0,MEDIUM
6,6.55,8,0,MEDIUM
5,6.36,8,0,LOW
5,6.45,8,0,LOW
6,5.91,8,0,MEDIUM
6,6.18,8,0,MEDIUM
5,6.55,8,0,LOW
5,6.27,8,0,LOW
5,6.55,8,0,LOW
5,6.68,8,0,LOW
5,6.77,8,0,LOW
5,6.91,8,0,LOW
5,6.86,9,0,LOW
5,6.14,9,0,LOW
5,6.41,9,0,LOW
5,6.18,9,0,LOW
5,6.77,9,0,LOW
5,7.0,9,0,LOW
5,6.64,9,0,LOW
5,6.32,9,0,LOW
5,6.68,9,0,LOW
4,6.77,9,0,LOW
4,7.05,9,0,LOW
4,6.77,9,0,LOW
4,6.91,9,0,LOW
4,7.41,9,0,LOW
4,6.82,9,0,LOW
5,6.39,10,0,LOW
5,6.65,10,0,LOW
5,6.48,10,0,LOW
5,6.43,10,0,LOW
5,6.57,10,0,LOW
5,6.65,10,0,LOW
6,6.78,10,0,MEDIUM
6,7.17,10,0,MEDIUM
6,7.04,10,0,MEDIUM
5,6.78,10,0,LOW
5,6.39,11,0,LOW
5,6.61,11,0,LOW
4,6.65,11,0,LOW
5,6.7,11,0,LOW
5,6.74,11,0,LOW
4,6.7,11,0,LOW
4,6.61,11,0,LOW
4,6.61,11,0,LOW
4,6.7,11,0,LOW
4,6.78,11,0,LOW
3,6.65,11,0,LOW
3,6.87,11,0,LOW
3,6.91,11,0,LOW
3,7.0,11,0,LOW
3,6.91,11,0,LOW
3,6.91,11,0,LOW
3,7.17,11,0,LOW
3,7.13,11,0,LOW
3,7.13,11,0,LOW
3,7.13,11,0,LOW
3,7.35,11,0,LOW
3,7.3,11,0,LOW
3,7.09,11,0,LOW
3,6.87,12,0,LOW
3,6.83,12,0,LOW
3,7.04,12,0,LOW
3,7.09,12,0,LOW
3,7.0,12,0,LOW
3,7.13,12,0,LOW
3,7.09,12,0,LOW
3,7.26,12,0,LOW
3,6.91,12,0,LOW
2,7.0,12,0,LOW
2,7.0,12,0,LOW
2,7.0,12,0,LOW
2,6.91,12,0,LOW
3,7.17,12,0,LOW
3,7.17,12,0,LOW
2,7.17,12,0,LOW
2,7.09,12,0,LOW
3,7.04,12,0,LOW
4,6.84,12,0,LOW
4,6.8,12,0,LOW
4,6.84,12,0,LOW
4,6.92,12,0,LOW
4,6.72,12,0,LOW
4,7.0,12,0,LOW
4,7.08,12,0,LOW
4,6.84,12,0,LOW
4,7.16,12,0,LOW
4,7.4,12,0,LOW
4,7.24,12,0,LOW
4,7.12,13,0,LOW
4,6.88,13,0,LOW
4,6.76,13,0,LOW
4,7.0,13,0,LOW
4,6.92,13,0,LOW
4,7.0,13,0,LOW
4,7.2,13,0,LOW
4,6.96,13,0,LOW
4,7.12,13,0,LOW
4,7.08,13,0,LOW
4,7.32,13,0,LOW
3,7.12,13,0,LOW
3,7.28,13,0,LOW
3,7.24,13,0,LOW
3,7.44,13,0,LOW
3,7.32,13,0,LOW
2,7.48,13,0,LOW
3,7.88,13,0,LOW
2,7.96,13,0,LOW
3,7.92,13,0,LOW
2,7.84,13,0,LOW
3,7.36,14,0,LOW
2,7.44,14,0,LOW
3,7.32,14,0,LOW
2,7.4,14,0,LOW
3,7.28,14,0,LOW
2,7.12,14,0,LOW
3,7.52,14,0,LOW
2,7.44,14,0,LOW
3,7.32,14,0,LOW
2,7.32,14,0,LOW
3,7.4,14,0,LOW
2,7.52,14,0,LOW
3,7.52,14,0,LOW
3,7.24,14,0,LOW
2,7.48,14,0,LOW
2,7.48,14,0,LOW
2,7.4,14,0,LOW
1,7.48,14,0,LOW
2,7.48,14,0,LOW
1,7.4,14,0,LOW
2,7.4,14,0,LOW
7,5.97,14,0,MEDIUM
2,6.37,14,0,LOW
7,6.5,14,0,MEDIUM
2,6.57,14,0,LOW
7,7.1,14,0,MEDIUM
2,7.17,14,0,LOW
7,6.57,14,0,MEDIUM
2,6.63,14,0,LOW
6,7.63,14,0,MEDIUM
2,7.47,14,0,LOW
6,6.47,14,0,MEDIUM
2,6.17,14,0,LOW
6,7.03,14,0,MEDIUM
2,7.23,14,0,LOW
6,6.3,14,0,MEDIUM
2,6.7,14,0,LOW
5,6.7,14,0,LOW
5,6.1,14,0,LOW
1,7.03,14,0,LOW
5,7.1,15,0,LOW
2,7.1,15,0,LOW
5,6.3,15,0,LOW
2,6.3,15,0,LOW
5,6.77,15,0,LOW
2,6.83,15,0,LOW
5,6.23,15,0,LOW
2,6.1,15,0,LOW
5,6.83,15,0,LOW
2,6.9,15,0,LOW
5,6.17,15,0,LOW
1,6.1,15,0,LOW
5,7.0,15,0,LOW
1,7.0,15,0,LOW
5,6.1,15,0,LOW
1,6.17,15,0,LOW
5,6.67,15,0,LOW
1,6.67,15,0,LOW
5,6.17,15,0,LOW
1,6.1,15,0,LOW
5,6.83,15,0,LOW
1,6.3,15,0,LOW
6,6.3,15,0,MEDIUM
1,6.43,15,0,LOW
5,7.03,15,0,LOW
2,7.03,15,0,LOW
5,6.3,15,0,LOW
2,6.7,15,0,LOW
4,6.7,15,0,LOW
2,6.3,15,0,LOW
4,6.3,15,0,LOW
2,6.23,15,0,LOW
5,6.63,15,0,LOW
2,6.57,15,0,LOW
5,6.3,15,0,LOW
2,6.3,15,0,LOW
4,6.7,15,0,LOW
2,6.63,15,0,LOW
4,6.23,15,0,LOW
2,6.33,15,0,LOW
4,6.67,15,0,LOW
2,6.67,15,0,LOW
5,6.47,15,0,LOW
2,6.53,15,0,LOW
4,6.6,15,0,LOW
2,6.5,15,0,LOW
4,6.37,15,0,LOW
2,6.7,15,0,LOW
5,6.7,15,0,LOW
2,6.87,15,0,LOW
5,6.43,15,0,LOW
2,6.43,15,0,LOW
5,6.73,15,0,LOW
2,6.73,15,0,LOW
5,6.37,15,0,LOW
2,6.37,15,0,LOW
5,6.7,15,0,LOW
2,6.73,15,0,LOW
5,6.4,15,0,LOW
2,6.33,15,0,LOW
4,6.87,15,0,LOW
2,7.03,15,0,LOW
5,6.57,15,0,LOW
2,6.4,15,0,LOW
5,6.73,15,0,LOW
2,6.77,15,0,LOW
5,7.2,15,0,LOW
2,7.2,15,0,LOW
5,6.9,15,0,LOW
2,7.0,15,0,LOW
5,7.33,15,0,LOW
2,7.13,15,0,LOW
5,6.53,15,0,LOW
5,6.87,15,0,LOW
2,6.87,15,0,LOW
5,6.81,15,0,LOW
2,7.39,15,0,LOW
5,7.39,15,0,LOW
2,7.39,15,0,LOW
6,7.23,15,0,MEDIUM
2,7.03,15,0,LOW
5,6.94,15,0,LOW
3,6.94,15,0,LOW
7,7.25,15,0,MEDIUM
3,7.31,15,0,LOW
6,7.03,15,0,MEDIUM
3,7.22,15,0,LOW
5,7.59,15,0,LOW
3,7.66,15,0,LOW
5,7.22,15,0,LOW
3,7.25,15,0,LOW
4,6.64,15,0,LOW
3,7.06,15,0,LOW
4,6.88,15,0,LOW
3,7.0,15,0,LOW
3,7.88,15,0,LOW
6,7.88,15,0,MEDIUM
4,7.82,15,0,LOW
6,7.82,15,0,MEDIUM
4,7.39,15,0,LOW
6,7.55,15,0,MEDIUM
4,7.58,15,0,LOW
6,7.52,16,0,MEDIUM
4,7.61,16,0,LOW
6,7.39,16,0,MEDIUM
4,7.3,16,0,LOW
6,7.3,16,0,MEDIUM
4,7.06,16,0,LOW
6,7.15,16,0,MEDIUM
3,7.27,16,0,LOW
6,7.58,16,0,MEDIUM
4,8.0,16,0,LOW
6,8.0,16,0,MEDIUM
3,7.3,16,0,LOW
6,7.0,16,0,MEDIUM
4,7.0,17,0,LOW
6,6.97,17,0,MEDIUM
2,6.91,17,0,LOW
5,6.97,17,0,LOW
2,7.15,17,0,LOW
5,7.09,17,0,LOW
2,6.97,17,0,LOW
5,7.15,17,0,LOW
3,8.12,17,0,LOW
5,8.15,17,0,LOW
3,7.52,17,0,LOW
5,7.42,17,0,LOW
3,7.42,17,0,LOW
5,7.15,17,0,LOW
3,7.67,17,0,LOW
5,7.67,17,0,LOW
2,7.61,17,0,LOW
5,7.52,17,0,LOW
2,7.52,17,0,LOW
4,7.64,17,0,LOW
2,7.7,17,0,LOW
4,7.61,17,0,LOW
3,7.61,17,0,LOW
4,6.82,17,0,LOW
3,6.82,17,0,LOW
4,7.64,17,0,LOW
3,7.82,17,0,LOW
5,7.88,17,0,LOW
3,7.82,17,0,LOW
5,7.82,17,0,LOW
3,8.0,17,0,LOW
4,8.06,17,0,LOW
3,8.0,17,0,LOW
4,8.12,17,0,LOW
3,8.18,17,0,LOW
4,8.09,17,0,LOW
3,8.09,17,0,LOW
4,7.7,18,0,LOW
3,7.85,18,0,LOW
4,7.79,18,0,LOW
3,7.73,18,0,LOW
4,7.82,18,0,LOW
3,7.94,18,0,LOW
4,7.94,18,0,LOW
3,8.61,18,0,LOW
4,8.48,18,0,LOW
2,8.58,18,0,LOW
4,8.58,18,0,LOW
7,0.0,0,0,MEDIUM
7,0.0,0,0,MEDIUM
7,3.86,0,0,MEDIUM
7,1.0,0,0,MEDIUM
7,3.5,0,0,MEDIUM
7,3.5,0,0,MEDIUM
7,4.62,0,0,MEDIUM
7,4.5,0,0,MEDIUM
7,1.75,0,0,MEDIUM
7,3.5,0,0,MEDIUM
8,3.78,0,0,MEDIUM
8,3.33,0,0,MEDIUM
8,1.78,0,0,MEDIUM
8,3.22,0,0,MEDIUM
8,1.67,0,0,MEDIUM
8,3.11,0,0,MEDIUM
8,1.44,0,0,MEDIUM
8,4.44,0,0,MEDIUM
7,1.56,0,0,MEDIUM
8,4.44,0,0,MEDIUM
7,2.22,0,0,MEDIUM
5,3.22,0,0,LOW
5,1.89,0,0,LOW
6,4.56,1,0,MEDIUM
7,1.7,1,0,MEDIUM
6,3.4,1,0,MEDIUM
6,1.6,1,0,MEDIUM
6,3.4,1,0,MEDIUM
6,1.6,1,0,MEDIUM
6,4.1,1,0,MEDIUM
6,1.8,1,0,MEDIUM
6,3.0,1,0,MEDIUM
7,1.27,1,0,MEDIUM
6,3.09,1,0,MEDIUM
7,1.45,1,0,MEDIUM
6,3.64,1,0,MEDIUM
6,2.09,1,0,MEDIUM
5,2.45,1,0,LOW
6,1.75,1,0,MEDIUM
6,2.08,1,0,MEDIUM
6,1.42,1,0,MEDIUM
5,2.25,1,0,LOW
5,1.25,1,0,LOW
5,2.08,1,0,LOW
6,1.58,1,0,MEDIUM
5,2.25,1,0,LOW
5,1.58,1,0,LOW
6,2.75,1,0,MEDIUM
7,1.46,1,0,MEDIUM
7,2.08,1,0,MEDIUM
7,1.46,1,0,MEDIUM
7,2.23,1,0,MEDIUM
7,1.31,1,0,MEDIUM
6,2.54,1,0,MEDIUM
7,1.46,1,0,MEDIUM
7,2.31,1,0,MEDIUM
7,3.08,1,0,MEDIUM
7,2.54,1,0,MEDIUM
7,3.46,1,0,MEDIUM
7,1.92,1,0,MEDIUM
7,2.69,1,0,MEDIUM
5,3.23,1,0,LOW
5,3.77,1,0,LOW
7,3.77,1,0,MEDIUM
6,3.77,1,0,MEDIUM
8,3.07,1,0,MEDIUM
7,3.64,1,0,MEDIUM
7,3.86,1,0,MEDIUM
6,3.36,1,0,MEDIUM
8,3.79,1,0,MEDIUM
8,3.64,1,0,MEDIUM
8,4.07,1,0,MEDIUM
8,4.5,2,0,MEDIUM
8,3.79,2,0,MEDIUM
8,3.64,2,0,MEDIUM
8,3.07,2,0,MEDIUM
8,4.14,2,0,MEDIUM
8,4.21,2,0,MEDIUM
9,3.53,2,0,MEDIUM
9,3.27,2,0,MEDIUM
8,3.4,2,0,MEDIUM
8,3.53,2,0,MEDIUM
8,3.8,2,0,MEDIUM
8,3.87,2,0,MEDIUM
8,4.07,2,0,MEDIUM
8,3.8,2,0,MEDIUM
8,4.8,2,0,MEDIUM
8,4.4,2,0,MEDIUM
7,5.07,2,0,MEDIUM
7,4.93,2,0,MEDIUM
7,2.6,2,0,MEDIUM
7,4.4,2,0,MEDIUM
8,4.4,2,0,MEDIUM
7,5.53,2,0,MEDIUM
6,4.93,2,0,MEDIUM
6,5.27,2,0,MEDIUM
6,5.8,2,0,MEDIUM
5,5.0,3,0,LOW
5,4.8,3,0,LOW
5,4.93,3,0,LOW
5,5.53,3,0,LOW
6,6.33,3,0,MEDIUM
6,5.73,3,0,MEDIUM
6,5.87,3,0,MEDIUM
6,4.69,3,0,MEDIUM
5,4.81,3,0,LOW
6,4.82,3,0,MEDIUM
7,5.82,3,0,MEDIUM
6,5.53,3,0,MEDIUM
6,5.65,3,0,MEDIUM
7,5.53,3,0,MEDIUM
6,5.41,3,0,MEDIUM
6,4.88,4,0,MEDIUM
6,4.59,4,0,MEDIUM
6,4.53,5,0,MEDIUM
7,4.44,5,0,MEDIUM
8,4.63,5,0,MEDIUM
7,4.42,5,0,MEDIUM
9,3.95,5,0,MEDIUM
8,4.63,5,0,MEDIUM
8,4.58,5,0,MEDIUM
6,4.47,5,0,MEDIUM
6,5.53,5,0,MEDIUM
6,5.16,5,0,MEDIUM
6,5.89,5,0,MEDIUM
6,5.11,5,0,MEDIUM
6,4.63,5,0,MEDIUM
6,5.26,5,0,MEDIUM
7,5.05,5,0,MEDIUM
6,4.95,5,0,MEDIUM
6,5.32,5,0,MEDIUM
6,5.37,5,0,MEDIUM
7,4.75,5,0,MEDIUM
7,5.05,5,0,MEDIUM
9,4.71,5,0,MEDIUM
9,4.86,5,0,MEDIUM
8,4.52,5,0,MEDIUM
8,5.14,5,0,MEDIUM
8,4.81,5,0,MEDIUM
8,5.0,5,0,MEDIUM
8,5.33,5,0,MEDIUM
8,5.1,5,0,MEDIUM
8,5.33,5,0,MEDIUM
9,5.29,5,0,MEDIUM
8,5.05,5,0,MEDIUM
8,5.57,5,0,MEDIUM
8,5.38,5,0,MEDIUM
8,5.19,5,0,MEDIUM
7,5.76,5,0,MEDIUM
7,6.14,5,0,MEDIUM
6,6.05,5,0,MEDIUM
